type,from,to,conv_factor
acceleration,acceleration.g-force,acceleration.meter-per-square-second,9.80665
acceleration,acceleration.meter-per-square-second,acceleration.g-force,0.101971621297793
angle,angle.arc-second,angle.degree,2.78E-04
angle,angle.arc-second,angle.gradian,3.09E-04
angle,angle.arc-second,angle.milliradian,4.85E-06
angle,angle.arc-second,angle.arc-minute,0.0166667
angle,angle.arc-second,angle.radian,4.85E-06
angle,angle.arc-minute,angle.arc-second,60
angle,angle.arc-minute,angle.degree,0.0166667
angle,angle.arc-minute,angle.gradian,0.0185185
angle,angle.arc-minute,angle.milliradian,0.29159
angle,angle.arc-minute,angle.radian,0.00029159
angle,angle.degree,angle.arc-second,3600
angle,angle.degree,angle.gradian,1.11111
angle,angle.degree,angle.milliradian,17.4533
angle,angle.degree,angle.arc-minute,60
angle,angle.degree,angle.radian,0.0174533
angle,angle.radian,angle.arc-second,206264.806
angle,angle.radian,angle.degree,57.2958
angle,angle.radian,angle.gradian,63.662
angle,angle.radian,angle.milliradian,1000
angle,angle.radian,angle.arc-minute,3437.75
angle,angle.milliradian,angle.arc-second,206264.806
angle,angle.milliradian,angle.degree,0.0572958
angle,angle.milliradian,angle.gradian,0.063662
angle,angle.milliradian,angle.arc-minute,3.43775
angle,angle.milliradian,angle.radian,0.001
angle,angle.gradian,angle.arc-second,3240
angle,angle.gradian,angle.degree,0.9
angle,angle.gradian,angle.milliradian,15.7079633
angle,angle.gradian,angle.arc-minute,54
angle,angle.gradian,angle.radian,0.015707963
area,area.square-meter,area.square-kilometer,1.00E-06
area,area.square-meter,area.square-mile,3.86E-07
area,area.square-meter,area.square-yard,1.19599
area,area.square-meter,area.square-foot,10.7639
area,area.square-meter,area.square-inch,1550.0031
area,area.square-meter,area.hectare,0.0001
area,area.square-meter,area.acre,0.000247105
area,area.square-kilometer,area.square-meter,1000000
area,area.square-kilometer,area.square-mile,0.386102
area,area.square-kilometer,area.square-yard,1195990.05
area,area.square-kilometer,area.square-foot,10763910.4
area,area.square-kilometer,area.square-inch,1.55E+12
area,area.square-kilometer,area.hectare,100
area,area.square-kilometer,area.acre,247.105
area,area.square-inch,area.square-kilometer,6.45E-13
area,area.square-inch,area.square-meter,0.00064516
area,area.square-inch,area.square-mile,2.49E-13
area,area.square-inch,area.square-yard,0.000771605
area,area.square-inch,area.square-foot,0.00694444
area,area.square-inch,area.hectare,6.45E-11
area,area.square-inch,area.acre,1.59E-10
area,area.square-foot,area.square-kilometer,9.29E-08
area,area.square-foot,area.square-meter,0.092903
area,area.square-foot,area.square-mile,3.59E-08
area,area.square-foot,area.square-yard,0.111111
area,area.square-foot,area.square-inch,144
area,area.square-foot,area.hectare,9.29E-06
area,area.square-foot,area.acre,2.30E-05
area,area.square-yard,area.square-kilometer,8.36E-07
area,area.square-yard,area.square-meter,0.836127
area,area.square-yard,area.square-mile,3.23E-07
area,area.square-yard,area.square-foot,9
area,area.square-yard,area.square-inch,1296
area,area.square-yard,area.hectare,8.36E-05
area,area.square-yard,area.acre,0.000206612
area,area.square-mile,area.square-kilometer,2.58999
area,area.square-mile,area.square-meter,2589988.11
area,area.square-mile,area.square-yard,3097600
area,area.square-mile,area.square-foot,27878400
area,area.square-mile,area.square-inch,4.01E+12
area,area.square-mile,area.hectare,258.999
area,area.square-mile,area.acre,640
area,area.hectare,area.square-kilometer,0.01
area,area.hectare,area.square-meter,10000
area,area.hectare,area.square-mile,0.00386102
area,area.hectare,area.square-yard,11959.9
area,area.hectare,area.square-foot,107639
area,area.hectare,area.square-inch,1.55E+08
area,area.hectare,area.acre,2.47105
area,area.acre,area.square-kilometer,0.00404686
area,area.acre,area.square-meter,4046.86
area,area.acre,area.square-mile,0.0015625
area,area.acre,area.square-yard,4840
area,area.acre,area.square-foot,43560
area,area.acre,area.square-inch,6.27E+07
area,area.acre,area.hectare,0.404686
digital,digital.bit,digital.byte,0.125
digital,digital.bit,digital.kilobit,0.001
digital,digital.bit,digital.kilobyte,0.000125
digital,digital.bit,digital.megabit,1E-06
digital,digital.bit,digital.megabyte,1.25E-07
digital,digital.bit,digital.gigabit,1E-09
digital,digital.bit,digital.gigabyte,1.25E-10
digital,digital.bit,digital.terabit,1E-12
digital,digital.bit,digital.terabyte,1.25E-13
digital,digital.bit,digital.petabit,1E-15
digital,digital.bit,digital.petabyte,1.25E-16
digital,digital.byte,digital.bit,8
digital,digital.byte,digital.kilobit,0.008
digital,digital.byte,digital.kilobyte,0.001
digital,digital.byte,digital.megabit,8E-06
digital,digital.byte,digital.megabyte,1E-06
digital,digital.byte,digital.gigabit,8E-09
digital,digital.byte,digital.gigabyte,1E-09
digital,digital.byte,digital.terabit,8E-12
digital,digital.byte,digital.terabyte,1E-12
digital,digital.byte,digital.petabit,8E-15
digital,digital.byte,digital.petabyte,1E-15
digital,digital.kilobit,digital.bit,1000
digital,digital.kilobit,digital.byte,125
digital,digital.kilobit,digital.kilobyte,0.125
digital,digital.kilobit,digital.megabit,0.001
digital,digital.kilobit,digital.megabyte,0.000125
digital,digital.kilobit,digital.gigabit,1E-06
digital,digital.kilobit,digital.gigabyte,1.25E-07
digital,digital.kilobit,digital.terabit,1E-09
digital,digital.kilobit,digital.terabyte,1.25E-10
digital,digital.kilobit,digital.petabit,1E-12
digital,digital.kilobit,digital.petabyte,1.25E-13
digital,digital.kilobyte,digital.bit,8000
digital,digital.kilobyte,digital.byte,1000
digital,digital.kilobyte,digital.kilobit,8
digital,digital.kilobyte,digital.megabit,0.008
digital,digital.kilobyte,digital.megabyte,0.001
digital,digital.kilobyte,digital.gigabit,8E-06
digital,digital.kilobyte,digital.gigabyte,1E-06
digital,digital.kilobyte,digital.terabit,8E-09
digital,digital.kilobyte,digital.terabyte,1E-09
digital,digital.kilobyte,digital.petabit,8E-12
digital,digital.kilobyte,digital.petabyte,1E-12
digital,digital.megabit,digital.bit,1E+06
digital,digital.megabit,digital.byte,125000
digital,digital.megabit,digital.kilobit,1000
digital,digital.megabit,digital.kilobyte,125
digital,digital.megabit,digital.megabyte,0.125
digital,digital.megabit,digital.gigabit,0.001
digital,digital.megabit,digital.gigabyte,0.000125
digital,digital.megabit,digital.terabit,1E-06
digital,digital.megabit,digital.terabyte,1.25E-07
digital,digital.megabit,digital.petabit,1E-09
digital,digital.megabit,digital.petabyte,1.25E-10
digital,digital.megabyte,digital.bit,8E+06
digital,digital.megabyte,digital.byte,1E+06
digital,digital.megabyte,digital.kilobit,8000
digital,digital.megabyte,digital.kilobyte,1000
digital,digital.megabyte,digital.megabit,8
digital,digital.megabyte,digital.gigabit,0.008
digital,digital.megabyte,digital.gigabyte,0.001
digital,digital.megabyte,digital.terabit,8E-06
digital,digital.megabyte,digital.terabyte,1E-06
digital,digital.megabyte,digital.petabit,8E-09
digital,digital.megabyte,digital.petabyte,1E-09
digital,digital.gigabit,digital.bit,1E+09
digital,digital.gigabit,digital.byte,1.25E+08
digital,digital.gigabit,digital.kilobit,1E+06
digital,digital.gigabit,digital.kilobyte,125000
digital,digital.gigabit,digital.megabit,1000
digital,digital.gigabit,digital.megabyte,125
digital,digital.gigabit,digital.gigabyte,0.125
digital,digital.gigabit,digital.terabit,0.001
digital,digital.gigabit,digital.terabyte,0.000125
digital,digital.gigabit,digital.petabit,1E-06
digital,digital.gigabit,digital.petabyte,1.25E-07
digital,digital.gigabyte,digital.bit,8E+09
digital,digital.gigabyte,digital.byte,1E+09
digital,digital.gigabyte,digital.kilobit,8E+06
digital,digital.gigabyte,digital.kilobyte,1E+06
digital,digital.gigabyte,digital.megabit,8000
digital,digital.gigabyte,digital.megabyte,1000
digital,digital.gigabyte,digital.gigabit,8
digital,digital.gigabyte,digital.terabit,0.008
digital,digital.gigabyte,digital.terabyte,0.001
digital,digital.gigabyte,digital.petabit,8E-06
digital,digital.gigabyte,digital.petabyte,1E-06
digital,digital.terabit,digital.bit,1E+12
digital,digital.terabit,digital.byte,1.25E+11
digital,digital.terabit,digital.kilobit,1E+09
digital,digital.terabit,digital.kilobyte,1.25E+08
digital,digital.terabit,digital.megabit,1E+06
digital,digital.terabit,digital.megabyte,125000
digital,digital.terabit,digital.gigabit,1000
digital,digital.terabit,digital.gigabyte,125
digital,digital.terabit,digital.terabyte,0.125
digital,digital.terabit,digital.petabit,0.001
digital,digital.terabit,digital.petabyte,0.000125
digital,digital.terabyte,digital.bit,8E+12
digital,digital.terabyte,digital.byte,1E+12
digital,digital.terabyte,digital.kilobit,8E+09
digital,digital.terabyte,digital.kilobyte,1E+09
digital,digital.terabyte,digital.megabit,8E+06
digital,digital.terabyte,digital.megabyte,1E+06
digital,digital.terabyte,digital.gigabit,8000
digital,digital.terabyte,digital.gigabyte,1000
digital,digital.terabyte,digital.terabit,8
digital,digital.terabyte,digital.petabit,0.008
digital,digital.terabyte,digital.petabyte,0.001
digital,digital.petabit,digital.bit,1E+15
digital,digital.petabit,digital.byte,1.25E+14
digital,digital.petabit,digital.kilobit,1E+12
digital,digital.petabit,digital.kilobyte,1.25E+11
digital,digital.petabit,digital.megabit,1E+09
digital,digital.petabit,digital.megabyte,1.25E+08
digital,digital.petabit,digital.gigabit,1E+06
digital,digital.petabit,digital.gigabyte,125000
digital,digital.petabit,digital.terabit,1000
digital,digital.petabit,digital.terabyte,125
digital,digital.petabit,digital.petabyte,0.125
digital,digital.petabyte,digital.bit,8E+15
digital,digital.petabyte,digital.byte,1E+15
digital,digital.petabyte,digital.kilobit,8E+12
digital,digital.petabyte,digital.kilobyte,1E+12
digital,digital.petabyte,digital.megabit,8E+09
digital,digital.petabyte,digital.megabyte,1E+09
digital,digital.petabyte,digital.gigabit,8E+06
digital,digital.petabyte,digital.gigabyte,1E+06
digital,digital.petabyte,digital.terabit,8000
digital,digital.petabyte,digital.terabyte,1000
digital,digital.petabyte,digital.petabit,8
duration,duration.nanosecond,duration.microsecond,0.001
duration,duration.nanosecond,duration.millisecond,1.00E-06
duration,duration.nanosecond,duration.second,1.00E-09
duration,duration.nanosecond,duration.minute,1.67E-11
duration,duration.nanosecond,duration.hour,2.78E-13
duration,duration.nanosecond,duration.day,1.16E-14
duration,duration.nanosecond,duration.week,1.65E-15
duration,duration.nanosecond,duration.month,3.80E-17
duration,duration.nanosecond,duration.year,3.17E-20
duration,duration.nanosecond,duration.decade,3.17E-21
duration,duration.nanosecond,duration.century,3.17E-22
duration,duration.microsecond,duration.nanosecond,1000
duration,duration.microsecond,duration.millisecond,0.001
duration,duration.microsecond,duration.second,1.00E-06
duration,duration.microsecond,duration.minute,1.67E-08
duration,duration.microsecond,duration.hour,2.78E-10
duration,duration.microsecond,duration.day,1.16E-11
duration,duration.microsecond,duration.week,1.65E-12
duration,duration.microsecond,duration.month,3.80E-14
duration,duration.microsecond,duration.year,3.17E-17
duration,duration.microsecond,duration.decade,3.17E-18
duration,duration.microsecond,duration.century,3.17E-19
duration,duration.millisecond,duration.nanosecond,1.00E+06
duration,duration.millisecond,duration.microsecond,1000
duration,duration.millisecond,duration.second,0.001
duration,duration.millisecond,duration.minute,1.67E-05
duration,duration.millisecond,duration.hour,2.78E-07
duration,duration.millisecond,duration.day,1.16E-08
duration,duration.millisecond,duration.week,1.65E-09
duration,duration.millisecond,duration.month,3.80E-11
duration,duration.millisecond,duration.year,3.17E-14
duration,duration.millisecond,duration.decade,3.17E-15
duration,duration.millisecond,duration.century,3.17E-16
duration,duration.second,duration.nanosecond,1.00E+09
duration,duration.second,duration.microsecond,1.00E+06
duration,duration.second,duration.millisecond,1000
duration,duration.second,duration.minute,0.0166667
duration,duration.second,duration.hour,0.000277778
duration,duration.second,duration.day,1.16E-05
duration,duration.second,duration.week,1.65E-06
duration,duration.second,duration.month,3.80E-08
duration,duration.second,duration.year,3.17E-11
duration,duration.second,duration.decade,3.17E-12
duration,duration.second,duration.century,3.17E-13
duration,duration.minute,duration.nanosecond,6.00E+10
duration,duration.minute,duration.microsecond,6.00E+07
duration,duration.minute,duration.millisecond,60000
duration,duration.minute,duration.second,60
duration,duration.minute,duration.hour,0.0166667
duration,duration.minute,duration.day,0.000694444
duration,duration.minute,duration.week,9.92E-05
duration,duration.minute,duration.month,2.28E-06
duration,duration.minute,duration.year,1.90E-09
duration,duration.minute,duration.decade,1.90E-10
duration,duration.minute,duration.century,1.90E-11
duration,duration.hour,duration.nanosecond,3.60E+12
duration,duration.hour,duration.microsecond,3.60E+09
duration,duration.hour,duration.millisecond,3.60E+06
duration,duration.hour,duration.second,3600
duration,duration.hour,duration.minute,60
duration,duration.hour,duration.day,0.0416667
duration,duration.hour,duration.week,0.00595238
duration,duration.hour,duration.month,1.37E-04
duration,duration.hour,duration.year,1.14E-07
duration,duration.hour,duration.decade,1.14E-08
duration,duration.hour,duration.century,1.14E-09
duration,duration.day,duration.nanosecond,8.64E+13
duration,duration.day,duration.microsecond,8.64E+10
duration,duration.day,duration.millisecond,8.64E+07
duration,duration.day,duration.second,86400
duration,duration.day,duration.minute,1440
duration,duration.day,duration.hour,24
duration,duration.day,duration.week,0.142857
duration,duration.day,duration.month,0.00333333
duration,duration.day,duration.year,2.63E-06
duration,duration.day,duration.decade,2.63E-07
duration,duration.day,duration.century,2.63E-08
duration,duration.week,duration.nanosecond,6.05E+14
duration,duration.week,duration.microsecond,6.05E+11
duration,duration.week,duration.millisecond,6.05E+08
duration,duration.week,duration.second,604800
duration,duration.week,duration.minute,10080
duration,duration.week,duration.hour,168
duration,duration.week,duration.day,7
duration,duration.week,duration.month,0.0238095
duration,duration.week,duration.year,1.97E-05
duration,duration.week,duration.decade,1.97E-06
duration,duration.week,duration.century,1.97E-07
duration,duration.month,duration.nanosecond,2.63E+16
duration,duration.month,duration.microsecond,2.63E+13
duration,duration.month,duration.millisecond,2.63E+10
duration,duration.month,duration.second,2.63E+07
duration,duration.month,duration.minute,438290
duration,duration.month,duration.hour,7304.83
duration,duration.month,duration.day,30.4368
duration,duration.month,duration.week,4.34526
duration,duration.month,duration.year,0.000821917
duration,duration.month,duration.decade,8.22E-05
duration,duration.month,duration.century,8.22E-06
duration,duration.year,duration.nanosecond,3.15E+17
duration,duration.year,duration.microsecond,3.15E+14
duration,duration.year,duration.millisecond,3.15E+11
duration,duration.year,duration.second,3.15E+08
duration,duration.year,duration.minute,5.26E+06
duration,duration.year,duration.hour,87600
duration,duration.year,duration.day,365
duration,duration.year,duration.week,52.1429
duration,duration.year,duration.month,12
duration,duration.year,duration.decade,0.1
duration,duration.year,duration.century,0.01
duration,duration.decade,duration.nanosecond,3.15E+18
duration,duration.decade,duration.microsecond,3.15E+15
duration,duration.decade,duration.millisecond,3.15E+12
duration,duration.decade,duration.second,3.15E+09
duration,duration.decade,duration.minute,5.26E+07
duration,duration.decade,duration.hour,876000
duration,duration.decade,duration.day,3650
duration,duration.decade,duration.week,521.429
duration,duration.decade,duration.month,120
duration,duration.decade,duration.year,10
duration,duration.decade,duration.century,0.1
duration,duration.century,duration.nanosecond,3.15E+19
duration,duration.century,duration.microsecond,3.15E+16
duration,duration.century,duration.millisecond,3.15E+13
duration,duration.century,duration.second,3.15E+10
duration,duration.century,duration.minute,5.26E+08
duration,duration.century,duration.hour,8760000
duration,duration.century,duration.day,36500
duration,duration.century,duration.week,5214.29
duration,duration.century,duration.month,1200
duration,duration.century,duration.year,100
duration,duration.century,duration.decade,10
energy,energy.joule,energy.kilojoule,0.001
energy,energy.joule,energy.gram-calorie,0.239006
energy,energy.joule,energy.kilocalorie,0.000239006
energy,energy.joule,energy.watt-hour,0.000277778
energy,energy.joule,energy.kilowatt-hour,2.78E-07
energy,energy.joule,energy.electronvolt,6.24E+18
energy,energy.joule,energy.british-thermal-unit,0.000947817
energy,energy.joule,energy.us-therm,9.48E-09
energy,energy.joule,energy.foot-pound,0.737562
energy,energy.kilojoule,energy.joule,1000
energy,energy.kilojoule,energy.gram-calorie,239.006
energy,energy.kilojoule,energy.kilocalorie,0.239006
energy,energy.kilojoule,energy.watt-hour,0.277778
energy,energy.kilojoule,energy.kilowatt-hour,0.000277778
energy,energy.kilojoule,energy.electronvolt,6.24E+21
energy,energy.kilojoule,energy.british-thermal-unit,0.947817
energy,energy.kilojoule,energy.us-therm,9.48E-06
energy,energy.kilojoule,energy.foot-pound,737.562
energy,energy.watt-hour,energy.joule,3600
energy,energy.watt-hour,energy.kilojoule,3.6
energy,energy.watt-hour,energy.gram-calorie,860.421
energy,energy.watt-hour,energy.kilocalorie,0.860421
energy,energy.watt-hour,energy.kilowatt-hour,0.001
energy,energy.watt-hour,energy.electronvolt,2.25E+18
energy,energy.watt-hour,energy.british-thermal-unit,3.41214
energy,energy.watt-hour,energy.us-therm,3.41E-05
energy,energy.watt-hour,energy.foot-pound,2655.22
energy,energy.kilowatt-hour,energy.joule,3.60E+06
energy,energy.kilowatt-hour,energy.kilojoule,3600
energy,energy.kilowatt-hour,energy.gram-calorie,860421
energy,energy.kilowatt-hour,energy.kilocalorie,860.421
energy,energy.kilowatt-hour,energy.watt-hour,1000
energy,energy.kilowatt-hour,energy.electronvolt,2.25E+21
energy,energy.kilowatt-hour,energy.british-thermal-unit,3412.14
energy,energy.kilowatt-hour,energy.us-therm,0.0341214
energy,energy.kilowatt-hour,energy.foot-pound,2655220
energy,energy.electronvolt,energy.joule,1.60E-19
energy,energy.electronvolt,energy.kilojoule,1.60E-22
energy,energy.electronvolt,energy.gram-calorie,3.83E-20
energy,energy.electronvolt,energy.kilocalorie,3.83E-23
energy,energy.electronvolt,energy.watt-hour,4.45E-23
energy,energy.electronvolt,energy.kilowatt-hour,4.45E-26
energy,energy.electronvolt,energy.british-thermal-unit,3.83E-23
energy,energy.electronvolt,energy.us-therm,3.83E-32
energy,energy.electronvolt,energy.foot-pound,1.18E-19
energy,energy.gram-calorie,energy.joule,4.184
energy,energy.gram-calorie,energy.kilojoule,0.004184
energy,energy.gram-calorie,energy.kilocalorie,0.001
energy,energy.gram-calorie,energy.watt-hour,0.00116222
energy,energy.gram-calorie,energy.kilowatt-hour,1.16E-06
energy,energy.gram-calorie,energy.electronvolt,2.61E+19
energy,energy.gram-calorie,energy.british-thermal-unit,0.000252164
energy,energy.gram-calorie,energy.us-therm,2.52E-09
energy,energy.gram-calorie,energy.foot-pound,3.08802
energy,energy.kilocalorie,energy.joule,4184
energy,energy.kilocalorie,energy.kilojoule,4.184
energy,energy.kilocalorie,energy.gram-calorie,1000
energy,energy.kilocalorie,energy.watt-hour,1.16222
energy,energy.kilocalorie,energy.kilowatt-hour,0.00116222
energy,energy.kilocalorie,energy.electronvolt,2.61E+22
energy,energy.kilocalorie,energy.british-thermal-unit,3.96832
energy,energy.kilocalorie,energy.us-therm,3.97E-06
energy,energy.kilocalorie,energy.foot-pound,3088.02
energy,energy.foot-pound,energy.joule,1.35582
energy,energy.foot-pound,energy.kilojoule,0.00135582
energy,energy.foot-pound,energy.gram-calorie,0.324048
energy,energy.foot-pound,energy.kilocalorie,0.000324048
energy,energy.foot-pound,energy.watt-hour,0.000376616
energy,energy.foot-pound,energy.kilowatt-hour,3.77E-07
energy,energy.foot-pound,energy.electronvolt,8.46E+18
energy,energy.foot-pound,energy.british-thermal-unit,0.00128507
energy,energy.foot-pound,energy.us-therm,1.29E-08
energy,energy.british-thermal-unit,energy.joule,1055.06
energy,energy.british-thermal-unit,energy.kilojoule,1.05506
energy,energy.british-thermal-unit,energy.gram-calorie,252.164
energy,energy.british-thermal-unit,energy.kilocalorie,0.252164
energy,energy.british-thermal-unit,energy.watt-hour,0.000293071
energy,energy.british-thermal-unit,energy.kilowatt-hour,2.93E-07
energy,energy.british-thermal-unit,energy.electronvolt,2.61E+22
energy,energy.british-thermal-unit,energy.us-therm,9.48E-09
energy,energy.british-thermal-unit,energy.foot-pound,778.169
energy,energy.us-therm,energy.joule,105505590
energy,energy.us-therm,energy.kilojoule,105505.59
energy,energy.us-therm,energy.gram-calorie,25199.8
energy,energy.us-therm,energy.kilocalorie,25.1998
energy,energy.us-therm,energy.watt-hour,29.3001
energy,energy.us-therm,energy.kilowatt-hour,0.0293001
energy,energy.us-therm,energy.electronvolt,2.61E+25
energy,energy.us-therm,energy.british-thermal-unit,99976.1
energy,energy.us-therm,energy.foot-pound,77763.8
force,force.newton,force.pound-force,0.224809
force,force.pound-force,force.newton,4.44822
length,length.nanometer,length.kilometer,1.00E-12
length,length.nanometer,length.meter,1.00E-09
length,length.nanometer,length.centimeter,1.00E-07
length,length.nanometer,length.millimeter,1.00E-06
length,length.nanometer,length.micrometer,0.001
length,length.nanometer,length.mile,6.21E-13
length,length.nanometer,length.yard,1.09E-09
length,length.nanometer,length.foot,3.28E-09
length,length.nanometer,length.inch,3.94E-08
length,length.nanometer,length.nautical-mile,5.40E-13
length,length.micrometer,length.kilometer,1.00E-09
length,length.micrometer,length.meter,1.00E-06
length,length.micrometer,length.centimeter,0.0001
length,length.micrometer,length.millimeter,0.001
length,length.micrometer,length.nanometer,1000
length,length.micrometer,length.mile,6.21E-10
length,length.micrometer,length.yard,1.09E-06
length,length.micrometer,length.foot,3.28E-06
length,length.micrometer,length.inch,3.94E-05
length,length.micrometer,length.nautical-mile,5.40E-10
length,length.millimeter,length.kilometer,1.00E-06
length,length.millimeter,length.meter,0.001
length,length.millimeter,length.centimeter,0.1
length,length.millimeter,length.micrometer,1000
length,length.millimeter,length.nanometer,1.00E+06
length,length.millimeter,length.mile,6.21E-07
length,length.millimeter,length.yard,0.00109361
length,length.millimeter,length.foot,0.00328084
length,length.millimeter,length.inch,0.0393701
length,length.millimeter,length.nautical-mile,5.40E-07
length,length.centimeter,length.kilometer,1.00E-05
length,length.centimeter,length.meter,0.01
length,length.centimeter,length.millimeter,10
length,length.centimeter,length.micrometer,10000
length,length.centimeter,length.nanometer,1.00E+07
length,length.centimeter,length.mile,6.21E-06
length,length.centimeter,length.yard,0.0109361
length,length.centimeter,length.foot,0.0328084
length,length.centimeter,length.inch,0.393701
length,length.centimeter,length.nautical-mile,5.40E-06
length,length.meter,length.kilometer,0.001
length,length.meter,length.centimeter,100
length,length.meter,length.millimeter,1000
length,length.meter,length.micrometer,1.00E+06
length,length.meter,length.nanometer,1.00E+09
length,length.meter,length.mile,0.000621371
length,length.meter,length.yard,1.09361
length,length.meter,length.foot,3.28084
length,length.meter,length.inch,39.3701
length,length.meter,length.nautical-mile,0.000539957
length,length.kilometer,length.meter,1000
length,length.kilometer,length.centimeter,100000
length,length.kilometer,length.millimeter,1.00E+06
length,length.kilometer,length.micrometer,1.00E+09
length,length.kilometer,length.nanometer,1.00E+12
length,length.kilometer,length.mile,0.621371
length,length.kilometer,length.yard,1094
length,length.kilometer,length.foot,3281
length,length.kilometer,length.inch,39370.1
length,length.kilometer,length.nautical-mile,0.539957
length,length.inch,length.kilometer,0.0000254
length,length.inch,length.meter,0.0254
length,length.inch,length.centimeter,2.54
length,length.inch,length.millimeter,25.4
length,length.inch,length.micrometer,25400
length,length.inch,length.nanometer,2.54E+07
length,length.inch,length.mile,1.58E-05
length,length.inch,length.yard,0.0277778
length,length.inch,length.foot,0.0833333
length,length.inch,length.nautical-mile,1.37E-05
length,length.foot,length.kilometer,0.0003048
length,length.foot,length.meter,0.3048
length,length.foot,length.centimeter,30.48
length,length.foot,length.millimeter,304.8
length,length.foot,length.micrometer,304800
length,length.foot,length.nanometer,3.05E+08
length,length.foot,length.mile,0.000189394
length,length.foot,length.yard,0.333333
length,length.foot,length.inch,12
length,length.foot,length.nautical-mile,0.000164579
length,length.yard,length.kilometer,0.0009144
length,length.yard,length.meter,0.9144
length,length.yard,length.centimeter,91.44
length,length.yard,length.millimeter,914.4
length,length.yard,length.micrometer,914400
length,length.yard,length.nanometer,9.14E+08
length,length.yard,length.mile,0.000568182
length,length.yard,length.foot,3
length,length.yard,length.inch,36
length,length.yard,length.nautical-mile,0.000493737
length,length.mile,length.kilometer,1.60934
length,length.mile,length.meter,1609.34
length,length.mile,length.centimeter,160934
length,length.mile,length.millimeter,1.61E+06
length,length.mile,length.micrometer,1.61E+09
length,length.mile,length.nanometer,1.61E+12
length,length.mile,length.yard,1760
length,length.mile,length.foot,5280
length,length.mile,length.inch,63360
length,length.mile,length.nautical-mile,0.868976
length,length.nautical-mile,length.kilometer,1.852
length,length.nautical-mile,length.meter,1852
length,length.nautical-mile,length.centimeter,185200
length,length.nautical-mile,length.millimeter,1.85E+06
length,length.nautical-mile,length.micrometer,1.85E+09
length,length.nautical-mile,length.nanometer,1.85E+12
length,length.nautical-mile,length.mile,1.15078
length,length.nautical-mile,length.yard,2025.37
length,length.nautical-mile,length.foot,6076.12
length,length.nautical-mile,length.inch,72913.4
mass,mass.microgram,mass.tonne,1.00E-12
mass,mass.microgram,mass.kilogram,1.00E-09
mass,mass.microgram,mass.gram,1.00E-06
mass,mass.microgram,mass.milligram,0.001
mass,mass.microgram,mass.imperial-ton,9.84E-13
mass,mass.microgram,mass.ton,1.10E-12
mass,mass.microgram,mass.stone,1.57E-10
mass,mass.microgram,mass.pound,2.20E-09
mass,mass.microgram,mass.ounce,3.53E-08
mass,mass.milligram,mass.tonne,1.00E-09
mass,mass.milligram,mass.kilogram,1.00E-06
mass,mass.milligram,mass.gram,0.001
mass,mass.milligram,mass.microgram,1000
mass,mass.milligram,mass.imperial-ton,9.84E-10
mass,mass.milligram,mass.ton,1.10E-09
mass,mass.milligram,mass.stone,1.57E-07
mass,mass.milligram,mass.pound,2.20E-06
mass,mass.milligram,mass.ounce,3.53E-05
mass,mass.gram,mass.tonne,1.00E-06
mass,mass.gram,mass.kilogram,0.001
mass,mass.gram,mass.milligram,1000
mass,mass.gram,mass.microgram,1.00E+06
mass,mass.gram,mass.imperial-ton,9.84E-07
mass,mass.gram,mass.ton,1.10E-06
mass,mass.gram,mass.stone,0.000157473
mass,mass.gram,mass.pound,0.00220462
mass,mass.gram,mass.ounce,0.035274
mass,mass.kilogram,mass.tonne,0.001
mass,mass.kilogram,mass.gram,1000
mass,mass.kilogram,mass.milligram,1.00E+06
mass,mass.kilogram,mass.microgram,1.00E+09
mass,mass.kilogram,mass.imperial-ton,0.000984207
mass,mass.kilogram,mass.ton,0.00110231
mass,mass.kilogram,mass.stone,0.157473
mass,mass.kilogram,mass.pound,2.20462
mass,mass.kilogram,mass.ounce,35.274
mass,mass.ounce,mass.kilogram,0.0283495
mass,mass.ounce,mass.gram,28.3495
mass,mass.ounce,mass.milligram,28349.5
mass,mass.ounce,mass.microgram,28349500
mass,mass.ounce,mass.imperial-ton,2.79E-05
mass,mass.ounce,mass.ton,3.13E-05
mass,mass.ounce,mass.stone,0.00446429
mass,mass.ounce,mass.pound,0.0625
mass,mass.ounce,mass.tonne,2.83E-05
mass,mass.pound,mass.tonne,0.000453592
mass,mass.pound,mass.kilogram,0.453592
mass,mass.pound,mass.gram,453.592
mass,mass.pound,mass.milligram,453592
mass,mass.pound,mass.microgram,453592000
mass,mass.pound,mass.imperial-ton,0.000446429
mass,mass.pound,mass.ton,0.0005
mass,mass.pound,mass.stone,0.0714286
mass,mass.pound,mass.ounce,16
mass,mass.tonne,mass.kilogram,1000
mass,mass.tonne,mass.gram,1.00E+06
mass,mass.tonne,mass.milligram,1.00E+09
mass,mass.tonne,mass.microgram,1.00E+12
mass,mass.tonne,mass.imperial-ton,0.984207
mass,mass.tonne,mass.ton,1.10231
mass,mass.tonne,mass.stone,157.473
mass,mass.tonne,mass.pound,2204.62
mass,mass.tonne,mass.ounce,35274
mass,mass.ton,mass.tonne,0.907185
mass,mass.ton,mass.kilogram,907.185
mass,mass.ton,mass.gram,907185
mass,mass.ton,mass.milligram,9.07E+08
mass,mass.ton,mass.microgram,9.07E+11
mass,mass.ton,mass.imperial-ton,0.892857
mass,mass.ton,mass.stone,142.857
mass,mass.ton,mass.pound,2000
mass,mass.ton,mass.ounce,32000
mass,mass.imperial-ton,mass.tonne,1.01605
mass,mass.imperial-ton,mass.kilogram,1016.05
mass,mass.imperial-ton,mass.gram,1.02E+06
mass,mass.imperial-ton,mass.milligram,1.02E+09
mass,mass.imperial-ton,mass.microgram,1.02E+12
mass,mass.imperial-ton,mass.ton,1.12
mass,mass.imperial-ton,mass.stone,160
mass,mass.imperial-ton,mass.pound,2240
mass,mass.imperial-ton,mass.ounce,35840
mass,mass.stone,mass.tonne,0.00635029
mass,mass.stone,mass.kilogram,6.35029
mass,mass.stone,mass.gram,6350.29
mass,mass.stone,mass.milligram,6.35E+06
mass,mass.stone,mass.microgram,6.35E+09
mass,mass.stone,mass.imperial-ton,0.00635029
mass,mass.stone,mass.ton,0.007
mass,mass.stone,mass.pound,14
mass,mass.stone,mass.ounce,224
pressure,pressure.atmosphere,pressure.bar,1.01325
pressure,pressure.atmosphere,pressure.pascal,101325
pressure,pressure.atmosphere,pressure.pound-force-per-square-inch,14.696
pressure,pressure.atmosphere,pressure.torr,760
pressure,pressure.bar,pressure.pascal,100000
pressure,pressure.bar,pressure.pound-force-per-square-inch,14.5038
pressure,pressure.bar,pressure.atmosphere,0.986923
pressure,pressure.bar,pressure.torr,750.062
pressure,pressure.pascal,pressure.bar,1.00E-05
pressure,pressure.pascal,pressure.pound-force-per-square-inch,0.000145038
pressure,pressure.pascal,pressure.atmosphere,9.87E-06
pressure,pressure.pascal,pressure.torr,0.00750062
pressure,pressure.torr,pressure.bar,0.00133322
pressure,pressure.torr,pressure.pascal,133.322
pressure,pressure.torr,pressure.pound-force-per-square-inch,0.0193368
pressure,pressure.torr,pressure.atmosphere,0.00131579
pressure,pressure.pound-force-per-square-inch,pressure.bar,0.0689476
pressure,pressure.pound-force-per-square-inch,pressure.pascal,6894.76
pressure,pressure.pound-force-per-square-inch,pressure.atmosphere,0.068046
pressure,pressure.pound-force-per-square-inch,pressure.torr,51.7149
speed,speed.meter-per-second,speed.mile-per-hour,2.23694
speed,speed.meter-per-second,speed.foot-per-second,3.28084
speed,speed.meter-per-second,speed.kilometer-per-hour,3.6
speed,speed.meter-per-second,speed.knot,1.94384
speed,speed.kilometer-per-hour,speed.mile-per-hour,0.621371
speed,speed.kilometer-per-hour,speed.foot-per-second,0.911344
speed,speed.kilometer-per-hour,speed.meter-per-second,0.277778
speed,speed.kilometer-per-hour,speed.knot,0.539957
speed,speed.foot-per-second,speed.mile-per-hour,0.681818
speed,speed.foot-per-second,speed.meter-per-second,0.3048
speed,speed.foot-per-second,speed.kilometer-per-hour,1.09728
speed,speed.foot-per-second,speed.knot,0.592484
speed,speed.mile-per-hour,speed.foot-per-second,1.46667
speed,speed.mile-per-hour,speed.meter-per-second,0.44704
speed,speed.mile-per-hour,speed.kilometer-per-hour,1.60934
speed,speed.mile-per-hour,speed.knot,0.868976
speed,speed.knot,speed.mile-per-hour,1.15078
speed,speed.knot,speed.foot-per-second,1.68781
speed,speed.knot,speed.meter-per-second,0.514444
speed,speed.knot,speed.kilometer-per-hour,1.852
torque,torque.newton-meter,torque.pound-force-foot,0.738
torque,torque.pound-force-foot,torque.newton-meter,1.356
volume,volume.milliliter,volume.gallon,0.000264172
volume,volume.milliliter,volume.quart,0.00105669
volume,volume.milliliter,volume.pint,0.00211338
volume,volume.milliliter,volume.cup,0.00439937
volume,volume.milliliter,volume.fluid-ounce,0.0351951
volume,volume.milliliter,volume.tablespoon,0.0703901
volume,volume.milliliter,volume.teaspoon,0.211171
volume,volume.milliliter,volume.cubic-meter,1.00E-06
volume,volume.milliliter,volume.liter,0.001
volume,volume.milliliter,volume.imperial-gallon,0.000219969
volume,volume.milliliter,volume.imperial-quart,0.000879877
volume,volume.milliliter,volume.imperial-pint,0.00175975
volume,volume.milliliter,volume.imperial-cup,0.00219969
volume,volume.milliliter,volume.imperial-fluid-ounce,0.00879908
volume,volume.milliliter,volume.imperial-tablespoon,0.0175982
volume,volume.milliliter,volume.imperial-teaspoon,0.0527945
volume,volume.milliliter,volume.cubic-foot,3.53E-05
volume,volume.milliliter,volume.cubic-inch,0.0610237
volume,volume.liter,volume.gallon,0.264172
volume,volume.liter,volume.quart,1.05669
volume,volume.liter,volume.pint,2.11338
volume,volume.liter,volume.cup,4.39937
volume,volume.liter,volume.fluid-ounce,35.1951
volume,volume.liter,volume.tablespoon,70.3901
volume,volume.liter,volume.teaspoon,211.171
volume,volume.liter,volume.cubic-meter,0.001
volume,volume.liter,volume.milliliter,1000
volume,volume.liter,volume.imperial-gallon,0.219969
volume,volume.liter,volume.imperial-quart,0.879877
volume,volume.liter,volume.imperial-pint,1.75975
volume,volume.liter,volume.imperial-cup,2.19969
volume,volume.liter,volume.imperial-fluid-ounce,8.79908
volume,volume.liter,volume.imperial-tablespoon,17.5982
volume,volume.liter,volume.imperial-teaspoon,52.7945
volume,volume.liter,volume.cubic-foot,0.0353147
volume,volume.liter,volume.cubic-inch,61.0237
volume,volume.cubic-meter,volume.gallon,264.172
volume,volume.cubic-meter,volume.quart,1056.69
volume,volume.cubic-meter,volume.pint,2113.38
volume,volume.cubic-meter,volume.cup,4399.37
volume,volume.cubic-meter,volume.fluid-ounce,33814
volume,volume.cubic-meter,volume.tablespoon,67628
volume,volume.cubic-meter,volume.teaspoon,202884
volume,volume.cubic-meter,volume.liter,1000
volume,volume.cubic-meter,volume.milliliter,1000000
volume,volume.cubic-meter,volume.imperial-gallon,219.969
volume,volume.cubic-meter,volume.imperial-quart,879.877
volume,volume.cubic-meter,volume.imperial-pint,1759.75
volume,volume.cubic-meter,volume.imperial-cup,2199.69
volume,volume.cubic-meter,volume.imperial-fluid-ounce,8799.08
volume,volume.cubic-meter,volume.imperial-tablespoon,17598.2
volume,volume.cubic-meter,volume.imperial-teaspoon,52794.5
volume,volume.cubic-meter,volume.cubic-foot,35.3147
volume,volume.cubic-meter,volume.cubic-inch,61023.7
volume,volume.cubic-inch,volume.gallon,0.004329
volume,volume.cubic-inch,volume.quart,0.017316
volume,volume.cubic-inch,volume.pint,0.034632
volume,volume.cubic-inch,volume.cup,0.072678
volume,volume.cubic-inch,volume.fluid-ounce,55.338
volume,volume.cubic-inch,volume.tablespoon,110.677
volume,volume.cubic-inch,volume.teaspoon,332.031
volume,volume.cubic-inch,volume.cubic-meter,1.64E-05
volume,volume.cubic-inch,volume.liter,0.0163871
volume,volume.cubic-inch,volume.milliliter,16.3871
volume,volume.cubic-inch,volume.imperial-gallon,0.00360465
volume,volume.cubic-inch,volume.imperial-quart,0.0144186
volume,volume.cubic-inch,volume.imperial-pint,0.0288372
volume,volume.cubic-inch,volume.imperial-cup,0.0360465
volume,volume.cubic-inch,volume.imperial-fluid-ounce,0.144186
volume,volume.cubic-inch,volume.imperial-tablespoon,0.288372
volume,volume.cubic-inch,volume.imperial-teaspoon,0.865116
volume,volume.cubic-inch,volume.cubic-foot,0.000578704
volume,volume.cubic-foot,volume.gallon,7.48052
volume,volume.cubic-foot,volume.quart,29.9221
volume,volume.cubic-foot,volume.pint,59.8442
volume,volume.cubic-foot,volume.cup,124.829
volume,volume.cubic-foot,volume.fluid-ounce,9576.35
volume,volume.cubic-foot,volume.tablespoon,19152.7
volume,volume.cubic-foot,volume.teaspoon,57458.2
volume,volume.cubic-foot,volume.cubic-meter,0.0283168
volume,volume.cubic-foot,volume.liter,28.3168
volume,volume.cubic-foot,volume.milliliter,28316.8
volume,volume.cubic-foot,volume.imperial-gallon,6.22884
volume,volume.cubic-foot,volume.imperial-quart,24.9154
volume,volume.cubic-foot,volume.imperial-pint,49.8309
volume,volume.cubic-foot,volume.imperial-cup,62.2884
volume,volume.cubic-foot,volume.imperial-fluid-ounce,249.154
volume,volume.cubic-foot,volume.imperial-tablespoon,498.307
volume,volume.cubic-foot,volume.imperial-teaspoon,1494.92
volume,volume.cubic-foot,volume.cubic-inch,1728
volume,volume.fluid-ounce,volume.gallon,0.0078125
volume,volume.fluid-ounce,volume.quart,0.03125
volume,volume.fluid-ounce,volume.pint,0.0625
volume,volume.fluid-ounce,volume.cup,0.125
volume,volume.fluid-ounce,volume.tablespoon,2
volume,volume.fluid-ounce,volume.teaspoon,6
volume,volume.fluid-ounce,volume.cubic-meter,2.96E-05
volume,volume.fluid-ounce,volume.liter,0.0284131
volume,volume.fluid-ounce,volume.milliliter,28.4131
volume,volume.fluid-ounce,volume.imperial-gallon,0.00625
volume,volume.fluid-ounce,volume.imperial-quart,0.025
volume,volume.fluid-ounce,volume.imperial-pint,0.05
volume,volume.fluid-ounce,volume.imperial-cup,0.0625
volume,volume.fluid-ounce,volume.imperial-fluid-ounce,0.25
volume,volume.fluid-ounce,volume.imperial-tablespoon,0.5
volume,volume.fluid-ounce,volume.imperial-teaspoon,1.5
volume,volume.fluid-ounce,volume.cubic-foot,0.00104438
volume,volume.fluid-ounce,volume.cubic-inch,1.80469
volume,volume.cup,volume.gallon,0.0625
volume,volume.cup,volume.quart,0.25
volume,volume.cup,volume.pint,0.5
volume,volume.cup,volume.fluid-ounce,8
volume,volume.cup,volume.tablespoon,16
volume,volume.cup,volume.teaspoon,48
volume,volume.cup,volume.cubic-meter,2.37E-06
volume,volume.cup,volume.liter,0.236588
volume,volume.cup,volume.milliliter,236.588
volume,volume.cup,volume.imperial-gallon,0.0520421
volume,volume.cup,volume.imperial-quart,0.208168
volume,volume.cup,volume.imperial-pint,0.416336
volume,volume.cup,volume.imperial-cup,0.520421
volume,volume.cup,volume.imperial-fluid-ounce,2.08337
volume,volume.cup,volume.imperial-tablespoon,4.16675
volume,volume.cup,volume.imperial-teaspoon,12.5002
volume,volume.cup,volume.cubic-foot,0.00835505
volume,volume.cup,volume.cubic-inch,14.4375
volume,volume.pint,volume.gallon,0.125
volume,volume.pint,volume.quart,0.5
volume,volume.pint,volume.cup,2
volume,volume.pint,volume.fluid-ounce,16
volume,volume.pint,volume.tablespoon,32
volume,volume.pint,volume.teaspoon,96
volume,volume.pint,volume.cubic-meter,4.73E-06
volume,volume.pint,volume.liter,0.473176
volume,volume.pint,volume.milliliter,473.176
volume,volume.pint,volume.imperial-gallon,0.104085
volume,volume.pint,volume.imperial-quart,0.416341
volume,volume.pint,volume.imperial-pint,0.832682
volume,volume.pint,volume.imperial-cup,1.04086
volume,volume.pint,volume.imperial-fluid-ounce,4.16345
volume,volume.pint,volume.imperial-tablespoon,8.32691
volume,volume.pint,volume.imperial-teaspoon,24.9807
volume,volume.pint,volume.cubic-foot,0.0167101
volume,volume.pint,volume.cubic-inch,28.875
volume,volume.quart,volume.cup,4
volume,volume.quart,volume.fluid-ounce,32
volume,volume.quart,volume.tablespoon,64
volume,volume.quart,volume.teaspoon,192
volume,volume.quart,volume.cubic-meter,9.46E-06
volume,volume.quart,volume.liter,0.946353
volume,volume.quart,volume.milliliter,946.353
volume,volume.quart,volume.imperial-gallon,0.208169
volume,volume.quart,volume.imperial-quart,0.832676
volume,volume.quart,volume.imperial-pint,1.66535
volume,volume.quart,volume.imperial-cup,2.08169
volume,volume.quart,volume.imperial-fluid-ounce,8.32676
volume,volume.quart,volume.imperial-tablespoon,16.6535
volume,volume.quart,volume.imperial-teaspoon,49.9605
volume,volume.quart,volume.cubic-foot,0.0334202
volume,volume.quart,volume.cubic-inch,57.75
volume,volume.gallon,volume.quart,4
volume,volume.gallon,volume.pint,8
volume,volume.gallon,volume.cup,16
volume,volume.gallon,volume.fluid-ounce,128
volume,volume.gallon,volume.tablespoon,256
volume,volume.gallon,volume.teaspoon,768
volume,volume.gallon,volume.cubic-meter,0.00378541
volume,volume.gallon,volume.liter,3.78541
volume,volume.gallon,volume.milliliter,3785.41
volume,volume.gallon,volume.imperial-gallon,0.832674
volume,volume.gallon,volume.imperial-quart,3.3307
volume,volume.gallon,volume.imperial-pint,6.66139
volume,volume.gallon,volume.imperial-cup,8.32674
volume,volume.gallon,volume.imperial-fluid-ounce,33.3067
volume,volume.gallon,volume.imperial-tablespoon,66.6134
volume,volume.gallon,volume.imperial-teaspoon,199.84
volume,volume.gallon,volume.cubic-foot,0.133681
volume,volume.gallon,volume.cubic-inch,231
volume,volume.teaspoon,volume.gallon,0.00130208
volume,volume.teaspoon,volume.quart,0.00520833
volume,volume.teaspoon,volume.pint,0.0104167
volume,volume.teaspoon,volume.cup,0.0208333
volume,volume.teaspoon,volume.fluid-ounce,0.166667
volume,volume.teaspoon,volume.tablespoon,0.333333
volume,volume.teaspoon,volume.cubic-meter,4.93E-06
volume,volume.teaspoon,volume.liter,0.00473553
volume,volume.teaspoon,volume.milliliter,4.73553
volume,volume.teaspoon,volume.imperial-gallon,0.00104167
volume,volume.teaspoon,volume.imperial-quart,0.00416667
volume,volume.teaspoon,volume.imperial-pint,0.00833333
volume,volume.teaspoon,volume.imperial-cup,0.0104167
volume,volume.teaspoon,volume.imperial-fluid-ounce,0.0416667
volume,volume.teaspoon,volume.imperial-tablespoon,0.0833333
volume,volume.teaspoon,volume.imperial-teaspoon,0.25
volume,volume.teaspoon,volume.cubic-foot,0.000174063
volume,volume.teaspoon,volume.cubic-inch,0.300781
volume,volume.tablespoon,volume.gallon,0.00390625
volume,volume.tablespoon,volume.quart,0.015625
volume,volume.tablespoon,volume.pint,0.03125
volume,volume.tablespoon,volume.cup,0.0625
volume,volume.tablespoon,volume.fluid-ounce,0.5
volume,volume.tablespoon,volume.teaspoon,3
volume,volume.tablespoon,volume.cubic-meter,1.48E-05
volume,volume.tablespoon,volume.liter,0.0142066
volume,volume.tablespoon,volume.milliliter,14.2066
volume,volume.tablespoon,volume.imperial-gallon,0.003125
volume,volume.tablespoon,volume.imperial-quart,0.0125
volume,volume.tablespoon,volume.imperial-pint,0.025
volume,volume.tablespoon,volume.imperial-cup,0.03125
volume,volume.tablespoon,volume.imperial-fluid-ounce,0.125
volume,volume.tablespoon,volume.imperial-tablespoon,0.25
volume,volume.tablespoon,volume.imperial-teaspoon,0.75
volume,volume.tablespoon,volume.cubic-foot,0.000522188
volume,volume.tablespoon,volume.cubic-inch,0.902344
volume,volume.imperial-fluid-ounce,volume.gallon,0.0302397
volume,volume.imperial-fluid-ounce,volume.quart,0.120958
volume,volume.imperial-fluid-ounce,volume.pint,0.241916
volume,volume.imperial-fluid-ounce,volume.cup,0.502958
volume,volume.imperial-fluid-ounce,volume.fluid-ounce,3.21507
volume,volume.imperial-fluid-ounce,volume.tablespoon,6.43015
volume,volume.imperial-fluid-ounce,volume.teaspoon,19.2905
volume,volume.imperial-fluid-ounce,volume.cubic-meter,2.84E-05
volume,volume.imperial-fluid-ounce,volume.liter,0.0284131
volume,volume.imperial-fluid-ounce,volume.milliliter,28.4131
volume,volume.imperial-fluid-ounce,volume.imperial-gallon,0.00625
volume,volume.imperial-fluid-ounce,volume.imperial-quart,0.025
volume,volume.imperial-fluid-ounce,volume.imperial-pint,0.05
volume,volume.imperial-fluid-ounce,volume.imperial-cup,0.125
volume,volume.imperial-fluid-ounce,volume.imperial-tablespoon,2
volume,volume.imperial-fluid-ounce,volume.imperial-teaspoon,6
volume,volume.imperial-fluid-ounce,volume.cubic-foot,0.00104438
volume,volume.imperial-fluid-ounce,volume.cubic-inch,1.80469
volume,volume.imperial-cup,volume.gallon,0.119047
volume,volume.imperial-cup,volume.quart,0.47619
volume,volume.imperial-cup,volume.pint,0.952381
volume,volume.imperial-cup,volume.cup,1.25
volume,volume.imperial-cup,volume.fluid-ounce,9.60762
volume,volume.imperial-cup,volume.tablespoon,19.2153
volume,volume.imperial-cup,volume.teaspoon,57.646
volume,volume.imperial-cup,volume.cubic-meter,0.000284131
volume,volume.imperial-cup,volume.liter,0.284131
volume,volume.imperial-cup,volume.milliliter,284.131
volume,volume.imperial-cup,volume.imperial-gallon,0.0625
volume,volume.imperial-cup,volume.imperial-quart,0.25
volume,volume.imperial-cup,volume.imperial-pint,0.5
volume,volume.imperial-cup,volume.imperial-fluid-ounce,4
volume,volume.imperial-cup,volume.imperial-tablespoon,8
volume,volume.imperial-cup,volume.imperial-teaspoon,24
volume,volume.imperial-cup,volume.cubic-foot,0.0401359
volume,volume.imperial-cup,volume.cubic-inch,69.3547
volume,volume.imperial-pint,volume.gallon,0.150119
volume,volume.imperial-pint,volume.quart,0.600477
volume,volume.imperial-pint,volume.pint,1.20095
volume,volume.imperial-pint,volume.cup,2.49657
volume,volume.imperial-pint,volume.fluid-ounce,19.2153
volume,volume.imperial-pint,volume.tablespoon,38.4306
volume,volume.imperial-pint,volume.teaspoon,115.292
volume,volume.imperial-pint,volume.cubic-meter,0.000568261
volume,volume.imperial-pint,volume.liter,0.568261
volume,volume.imperial-pint,volume.milliliter,568.261
volume,volume.imperial-pint,volume.imperial-gallon,0.125
volume,volume.imperial-pint,volume.imperial-quart,0.5
volume,volume.imperial-pint,volume.imperial-cup,1.25
volume,volume.imperial-pint,volume.imperial-fluid-ounce,10
volume,volume.imperial-pint,volume.imperial-tablespoon,20
volume,volume.imperial-pint,volume.imperial-teaspoon,60
volume,volume.imperial-pint,volume.cubic-foot,0.0200679
volume,volume.imperial-pint,volume.cubic-inch,34.6773
volume,volume.imperial-quart,volume.gallon,0.300238
volume,volume.imperial-quart,volume.quart,1.20095
volume,volume.imperial-quart,volume.pint,2.4019
volume,volume.imperial-quart,volume.cup,4.99315
volume,volume.imperial-quart,volume.fluid-ounce,38.4306
volume,volume.imperial-quart,volume.tablespoon,76.8612
volume,volume.imperial-quart,volume.teaspoon,230.583
volume,volume.imperial-quart,volume.cubic-meter,0.00113652
volume,volume.imperial-quart,volume.liter,1.13652
volume,volume.imperial-quart,volume.milliliter,1136.52
volume,volume.imperial-quart,volume.imperial-gallon,0.25
volume,volume.imperial-quart,volume.imperial-pint,2
volume,volume.imperial-quart,volume.imperial-cup,5
volume,volume.imperial-quart,volume.imperial-fluid-ounce,40
volume,volume.imperial-quart,volume.imperial-tablespoon,80
volume,volume.imperial-quart,volume.imperial-teaspoon,240
volume,volume.imperial-quart,volume.cubic-foot,0.0401359
volume,volume.imperial-quart,volume.cubic-inch,69.3547
volume,volume.imperial-gallon,volume.gallon,1.20095
volume,volume.imperial-gallon,volume.quart,4.80381
volume,volume.imperial-gallon,volume.pint,9.60762
volume,volume.imperial-gallon,volume.cup,19.9726
volume,volume.imperial-gallon,volume.fluid-ounce,153.722
volume,volume.imperial-gallon,volume.tablespoon,307.445
volume,volume.imperial-gallon,volume.teaspoon,922.336
volume,volume.imperial-gallon,volume.cubic-meter,0.00454609
volume,volume.imperial-gallon,volume.liter,4.54609
volume,volume.imperial-gallon,volume.milliliter,4546.09
volume,volume.imperial-gallon,volume.imperial-quart,4
volume,volume.imperial-gallon,volume.imperial-pint,8
volume,volume.imperial-gallon,volume.imperial-cup,20
volume,volume.imperial-gallon,volume.imperial-fluid-ounce,160
volume,volume.imperial-gallon,volume.imperial-tablespoon,320
volume,volume.imperial-gallon,volume.imperial-teaspoon,960
volume,volume.imperial-gallon,volume.cubic-foot,0.160544
volume,volume.imperial-gallon,volume.cubic-inch,277.419
volume,volume.imperial-teaspoon,volume.gallon,0.00503997
volume,volume.imperial-teaspoon,volume.quart,0.0201599
volume,volume.imperial-teaspoon,volume.pint,0.0403197
volume,volume.imperial-teaspoon,volume.cup,0.0838264
volume,volume.imperial-teaspoon,volume.fluid-ounce,0.537509
volume,volume.imperial-teaspoon,volume.tablespoon,1.07502
volume,volume.imperial-teaspoon,volume.teaspoon,3.22506
volume,volume.imperial-teaspoon,volume.cubic-meter,4.74E-06
volume,volume.imperial-teaspoon,volume.liter,0.00473553
volume,volume.imperial-teaspoon,volume.milliliter,4.73553
volume,volume.imperial-teaspoon,volume.imperial-gallon,0.00104167
volume,volume.imperial-teaspoon,volume.imperial-quart,0.00416667
volume,volume.imperial-teaspoon,volume.imperial-pint,0.00833333
volume,volume.imperial-teaspoon,volume.imperial-cup,0.0104167
volume,volume.imperial-teaspoon,volume.imperial-fluid-ounce,0.0416667
volume,volume.imperial-teaspoon,volume.imperial-tablespoon,0.833333
volume,volume.imperial-teaspoon,volume.cubic-foot,0.000174063
volume,volume.imperial-teaspoon,volume.cubic-inch,0.300781
volume,volume.imperial-tablespoon,volume.gallon,0.0151199
volume,volume.imperial-tablespoon,volume.quart,0.0604797
volume,volume.imperial-tablespoon,volume.pint,0.12096
volume,volume.imperial-tablespoon,volume.cup,0.251479
volume,volume.imperial-tablespoon,volume.fluid-ounce,1.60753
volume,volume.imperial-tablespoon,volume.tablespoon,3.21507
volume,volume.imperial-tablespoon,volume.teaspoon,9.64521
volume,volume.imperial-tablespoon,volume.cubic-meter,1.42E-05
volume,volume.imperial-tablespoon,volume.liter,0.0142066
volume,volume.imperial-tablespoon,volume.milliliter,14.2066
volume,volume.imperial-tablespoon,volume.imperial-gallon,0.003125
volume,volume.imperial-tablespoon,volume.imperial-quart,0.0125
volume,volume.imperial-tablespoon,volume.imperial-pint,0.025
volume,volume.imperial-tablespoon,volume.imperial-cup,0.03125
volume,volume.imperial-tablespoon,volume.imperial-fluid-ounce,0.125
volume,volume.imperial-tablespoon,volume.imperial-teaspoon,3
volume,volume.imperial-tablespoon,volume.cubic-foot,0.000522188
volume,volume.imperial-tablespoon,volume.cubic-inch,0.902344