z,n,name,halflife,mode
0,1,n,613.9,B-
0,4,n,1.7547604425822527e-22,
0,6,n,,
1,0,H,,S
1,1,H,,S
1,2,H,388781328.00697345,B-
1,3,H,,N
1,4,H,8.608258774931805e-23,2N
1,5,H,2.943469129492811e-22,N
1,6,H,5.069307945237619e-21,2N
2,1,He,,S
2,2,He,,S
2,3,He,7.040705479496693e-22,N
2,4,He,0.8067,B-
2,5,He,3.0415847671425716e-21,N
2,6,He,0.1191,B-
2,7,He,,N
2,8,He,1.5207923835712858e-21,N
3,1,Li,,P
3,2,Li,3.709249716027526e-22,P
3,3,Li,,S
3,4,Li,,S
3,5,Li,0.8399,B-
3,6,Li,0.1783,B-
3,7,Li,,N
3,8,Li,0.00875,B-
3,9,Li,,N
4,2,Be,4.959105598602019e-21,A
4,3,Be,4598208,EC
4,4,Be,8.190982317260066e-17,A
4,5,Be,,S
4,6,Be,47650958221633.92,B-
4,7,Be,13.76,B-
4,8,Be,0.02146,B-
4,9,Be,2.7e-21,N
4,10,Be,0.00435,B-
4,11,Be,7.866167501230788e-22,N
4,12,Be,5.702971438392321e-22,N
5,2,B,5.695851623862494e-22,P
5,3,B,0.77,EC+B+
5,4,B,8.448846575396032e-19,P
5,5,B,,S
5,6,B,,S
5,7,B,0.0202,B-
5,8,B,0.01733,B-
5,9,B,0.0125,B-
5,10,B,0.00993,B-
5,11,B,4.5623771507138576e-21,N
5,12,B,0.00508,B-
5,13,B,,N
5,14,B,0.00292,B-
5,15,B,9.124754301427716e-22,N
5,16,B,7.603961917856429e-22,2N
6,2,C,3.509520885164506e-21,2P
6,3,C,0.1265,EC+B+
6,4,C,19.29,EC+B+
6,5,C,1221.84,EC+B+
6,6,C,,S
6,7,C,,S
6,8,C,179874478055.1744,B-
6,9,C,2.449,B-
6,10,C,0.747,B-
6,11,C,0.193,B-
6,12,C,0.092,B-
6,13,C,0.0463,B-
6,14,C,0.0163,B-
6,16,C,0.0061,B-
7,3,N,1.8249508602855427e-22,P
7,4,N,5.496839940619106e-22,P
7,5,N,0.011,EC+B+
7,6,N,597.9,EC+B+
7,7,N,,S
7,8,N,,S
7,9,N,7.13,B-
7,10,N,4.173,B-
7,11,N,0.619,B-
7,12,N,0.336,B-
7,13,N,0.1344,B-
7,14,N,0.084,B-
7,15,N,0.023,B-
7,16,N,0.0141,B-
7,17,N,0.000000052,N
8,3,O,3.5095208851645054e-22,2P
8,4,O,6.3366349315470245e-21,2P
8,5,O,0.00858,B+P
8,6,O,70.606,EC+B+
8,7,O,122.24,EC+B+
8,8,O,,S
8,9,O,,S
8,10,O,,S
8,11,O,26.88,B-
8,12,O,13.51,B-
8,13,O,3.42,B-
8,14,O,2.25,B-
8,15,O,0.097,B-
8,16,O,0.065,B-
8,18,O,0.0000000000045,2N
9,4,F,4.5172050997166895e-22,
9,5,F,5.013601264520723e-22,P
9,6,F,6.912692652596753e-22,P
9,7,F,1.1405942876784644e-20,P
9,8,F,64.49,EC+B+
9,9,F,6586.2,EC+B+
9,10,F,,S
9,11,F,11.07,B-
9,12,F,4.158,B-
9,13,F,4.23,B-
9,14,F,2.23,B-
9,15,F,0.39,B-
9,16,F,0.08,B-
9,17,F,0.0082,B-
9,18,F,0.005,B-
9,19,F,4.6e-20,N
9,20,F,0.0025,B-N
9,21,F,,N
9,22,F,0.00000026,B-2N
10,5,Ne,7.732842628328571e-22,2P
10,6,Ne,5.702971438392322e-21,2P
10,7,Ne,0.1092,EC+B+
10,8,Ne,1.672,EC+B+
10,9,Ne,17.22,EC+B+
10,10,Ne,,S
10,11,Ne,,S
10,12,Ne,,S
10,13,Ne,37.25,B-
10,14,Ne,202.8,B-
10,15,Ne,0.602,B-
10,16,Ne,0.197,B-
10,17,Ne,0.0315,B-
10,18,Ne,0.02,B-
10,19,Ne,0.015,B-
10,20,Ne,0.0073,B-
10,21,Ne,0.0034,B-
10,22,Ne,0.0035,B-
10,23,Ne,0.00000018,N
10,24,Ne,0.00000006,B-
11,6,Na,,B-N
11,7,Na,2.2811885753569284e-21,P
11,8,Na,1.1405942876784644e-20,P
11,9,Na,0.4479,EC
11,10,Na,22.49,EC+B+
11,11,Na,82104810.00069347,EC+B+
11,12,Na,,S
11,13,Na,53989.2,B-
11,14,Na,59.1,B-
11,15,Na,1.07128,B-
11,16,Na,0.301,B-
11,17,Na,0.0305,B-
11,18,Na,0.0441,B-
11,19,Na,0.048,B-
11,20,Na,0.01735,B-
11,21,Na,0.0132,B-
11,22,Na,0.008,B-
11,23,Na,0.0055,B-
11,24,Na,0.0018,B-
11,25,Na,0.00000018,N
11,26,Na,0.00000006,B-N
12,7,Mg,0.000000000004002085219924436,2P
12,8,Mg,0.0904,B+
12,9,Mg,0.122,EC+B+
12,10,Mg,3.8755,EC+B+
12,11,Mg,11.3046,EC+B+
12,12,Mg,,S
12,13,Mg,,S
12,14,Mg,,S
12,15,Mg,567.48,B-
12,16,Mg,75294,B-
12,17,Mg,1.3,B-
12,18,Mg,0.335,B-
12,19,Mg,0.236,B-
12,20,Mg,0.086,B-
12,21,Mg,0.0905,B-
12,22,Mg,0.02,B-
12,23,Mg,0.0113,B-
12,24,Mg,0.0076,B-
12,25,Mg,0.008,N
12,26,Mg,,B-
12,27,Mg,0.00000018,N
12,28,Mg,,B-
13,8,Al,0.000000035,P
13,9,Al,0.0911,EC+B+
13,10,Al,0.446,EC+B+
13,11,Al,2.053,EC+B+
13,12,Al,7.183,EC+B+
13,13,Al,22626315923782.465,EC+B+
13,14,Al,,S
13,15,Al,134.7,B-
13,16,Al,393.6,B-
13,17,Al,3.62,B-
13,18,Al,0.644,B-
13,19,Al,0.033,B-
13,20,Al,0.0417,B-
13,21,Al,0.0563,B-
13,22,Al,0.0383,B-
13,23,Al,0.09,B-
13,24,Al,0.0107,B-
13,25,Al,0.009,B-2N
13,26,Al,0.0076,B-
13,27,Al,0.00000026,B-
13,28,Al,,B-
13,29,Al,0.00000017,B-2N
13,30,Al,0.00000017,B-N
14,8,Si,0.029,EC+B+
14,9,Si,0.0423,EC+B+
14,10,Si,0.14,EC+B+
14,11,Si,0.22,EC+B+
14,12,Si,2.2453,EC+B+
14,13,Si,4.15,EC+B+
14,14,Si,,S
14,15,Si,,S
14,16,Si,,S
14,17,Si,9441.6,B-
14,18,Si,4954437378.010944,B-
14,19,Si,6.11,B-
14,20,Si,2.77,B-
14,21,Si,0.78,B-
14,22,Si,0.45,B-
14,23,Si,0.09,B-
14,24,Si,0.063,B-
14,25,Si,0.0475,B-
14,26,Si,0.033,B-
14,27,Si,0.02,B-
14,28,Si,0.0125,B-
14,29,Si,0.00000006,B-N
14,30,Si,0.00000036,B-
15,10,P,0.00000003,P
15,11,P,0.0437,EC+B+
15,12,P,0.26,EC+B+
15,13,P,0.2703,EC+B+
15,14,P,4.142,EC+B+
15,15,P,149.88,EC+B+
15,16,P,,S
15,17,P,1232755.2,B-
15,18,P,2190240,B-
15,19,P,12.43,B-
15,20,P,47.3,B-
15,21,P,5.6,B-
15,22,P,2.31,B-
15,23,P,0.64,B-
15,24,P,0.28,B-
15,25,P,0.15,B-
15,26,P,0.101,B-
15,27,P,0.0485,B-
15,28,P,0.0365,B-
15,29,P,0.0185,B-
15,30,P,0.0000002,B-
15,31,P,,B-
16,10,S,0.000000079,P
16,11,S,0.0155,EC+B+
16,12,S,0.125,EC+B+
16,13,S,0.188,EC+B+
16,14,S,1.178,EC+B+
16,15,S,2.5534,EC+B+
16,16,S,,S
16,17,S,,S
16,18,S,,S
16,19,S,7548768,B-
16,20,S,,S
16,21,S,303,B-
16,22,S,10218,B-
16,23,S,11.5,B-
16,24,S,8.8,B-
16,25,S,1.99,B-
16,26,S,1.016,B-
16,27,S,0.265,B-
16,28,S,0.1,B-
16,29,S,0.068,B-
16,30,S,0.05,B-
16,32,S,,B-
17,12,Cl,0.00000002,P
17,13,Cl,0.00000003,P
17,14,Cl,0.19,EC+B+
17,15,Cl,0.298,EC+B+
17,16,Cl,2.511,EC+B+
17,17,Cl,1.5266,EC+B+
17,18,Cl,,S
17,19,Cl,9508101796144.57,B-
17,20,Cl,,S
17,21,Cl,2233.8,B-
17,22,Cl,3372,B-
17,23,Cl,81,B-
17,24,Cl,38.4,B-
17,25,Cl,6.8,B-
17,26,Cl,3.13,B-
17,27,Cl,0.56,B-
17,28,Cl,0.413,B-
17,29,Cl,0.232,B-
17,30,Cl,0.101,B-
17,31,Cl,,B-
17,32,Cl,0.00000017,B-
17,33,Cl,,B-
17,34,Cl,,B-
17,35,Cl,,B-
18,12,Ar,0.00000000001,2P
18,13,Ar,0.0144,EC
18,14,Ar,0.098,EC+B+
18,15,Ar,0.173,EC+B+
18,16,Ar,0.8438,EC+B+
18,17,Ar,1.7756,EC+B+
18,18,Ar,,S
18,19,Ar,3024950.4,EC
18,20,Ar,,S
18,21,Ar,8457256161.190656,B-
18,22,Ar,,S
18,23,Ar,6576.6,B-
18,24,Ar,1038222864.5640768,B-
18,25,Ar,322.2,B-
18,26,Ar,712.2,B-
18,27,Ar,21.48,B-
18,28,Ar,8.4,B-
18,29,Ar,1.23,B-
18,30,Ar,0.416,B-
18,31,Ar,0.17,B-
18,32,Ar,0.106,B-
18,33,Ar,,B-
18,34,Ar,,B-
18,35,Ar,0.00000062,B-2N
19,14,K,0.000000025,P
19,15,K,0.000000025,P
19,16,K,0.178,EC+B+
19,17,K,0.341,EC+B+
19,18,K,1.225,EC+B+
19,19,K,459.06,EC+B+
19,20,K,,S
19,21,K,3.938304361629082e16,B-
19,22,K,,S
19,23,K,44478,B-
19,24,K,80280,B-
19,25,K,1327.8,B-
19,26,K,1068.6,B-
19,27,K,105,B-
19,28,K,17.5,B-
19,29,K,6.8,B-
19,30,K,1.26,B-
19,31,K,0.472,B-
19,32,K,0.365,B-
19,33,K,0.11,B-
19,34,K,0.03,B-
19,35,K,0.01,B-
19,36,K,0.00000036,B-N
19,37,K,0.00000062,B-2N
20,14,Ca,0.000000035,2P
20,15,Ca,0.0257,EC+B+
20,16,Ca,0.1012,EC+B+
20,17,Ca,0.1811,EC+B+
20,18,Ca,0.44376,EC+B+
20,19,Ca,0.8603,EC+B+
20,20,Ca,,S
20,21,Ca,3136758441874.445,EC
20,22,Ca,,S
20,23,Ca,,S
20,24,Ca,,S
20,25,Ca,14049504,B-
20,26,Ca,,S
20,27,Ca,391910.4,B-
20,28,Ca,9.15150853263168e26,2B-
20,29,Ca,523.08,B-
20,30,Ca,13.45,B-
20,31,Ca,10,B-
20,32,Ca,4.6,B-
20,33,Ca,0.461,B-
20,34,Ca,0.107,B-
20,35,Ca,0.022,B-
20,36,Ca,0.011,B-
20,37,Ca,0.00000062,B-2N
20,38,Ca,0.00000062,B-
21,17,Sc,,P
21,18,Sc,0.0000003,P
21,19,Sc,0.1823,EC+B+
21,20,Sc,0.5963,EC+B+
21,21,Sc,0.68079,EC+B+
21,22,Sc,14007.6,EC+B+
21,23,Sc,14292,EC+B+
21,24,Sc,,S
21,25,Sc,7239456,B-
21,26,Sc,289370.88,B-
21,27,Sc,157356,B-
21,28,Sc,3430.8,B-
21,29,Sc,102.5,B-
21,30,Sc,12.4,B-
21,31,Sc,8.2,B-
21,32,Sc,2.6,B-
21,33,Sc,0.526,B-
21,34,Sc,0.105,B-
21,35,Sc,0.026,B-
21,36,Sc,0.013,B-
21,37,Sc,0.012,B-
21,38,Sc,,B-
21,40,Sc,,B-
22,16,Ti,0.00000012,2P
22,17,Ti,0.0285,EC+B+
22,18,Ti,0.0524,EC+B+
22,19,Ti,0.0819,EC+B+
22,20,Ti,0.20865,EC+B+
22,21,Ti,0.509,EC+B+
22,22,Ti,1865014325.0983872,EC
22,23,Ti,11088,EC+B+
22,24,Ti,,S
22,25,Ti,,S
22,26,Ti,,S
22,27,Ti,,S
22,28,Ti,,S
22,29,Ti,345.6,B-
22,30,Ti,102,B-
22,31,Ti,32.7,B-
22,32,Ti,2.1,B-
22,33,Ti,1.3,B-
22,34,Ti,0.2,B-
22,35,Ti,0.098,B-
22,36,Ti,0.058,B-
22,37,Ti,0.0285,B-
22,38,Ti,0.022,B-
22,39,Ti,0.015,B-
22,40,Ti,0.00000062,B-N
22,41,Ti,0.00000036,B-N
22,42,Ti,,B-
23,19,V,0.000000055,P
23,20,V,0.0793,EC+B+
23,21,V,0.111,EC+B+
23,22,V,0.547,EC+B+
23,23,V,0.4225,EC+B+
23,24,V,1956,EC+B+
23,25,V,1380153.6,EC+B+
23,26,V,28512000,EC
23,27,V,8.36258538326688e24,EC+B+
23,28,V,,S
23,29,V,224.58,B-
23,30,V,92.58,B-
23,31,V,49.8,B-
23,32,V,6.54,B-
23,33,V,0.216,B-
23,34,V,0.32,B-
23,35,V,0.191,B-
23,36,V,0.097,B-
23,37,V,0.122,B-
23,38,V,0.0483,B-
23,39,V,0.0336,B-
23,40,V,0.017,B-
23,41,V,0.015,B-
23,42,V,0.00000036,B-
23,43,V,0.00000036,B-N
23,44,V,0.00000062,B-2N
24,18,Cr,0.0133,EC+B+
24,19,Cr,0.0212,EC+B+
24,20,Cr,0.0428,EC+B+
24,21,Cr,0.0609,B+
24,22,Cr,0.26,EC+B+
24,23,Cr,0.5,EC+B+
24,24,Cr,77616,EC+B+
24,25,Cr,2538,EC+B+
24,26,Cr,4.10240037669696e25,2EC
24,27,Cr,2393625.6,EC
24,28,Cr,,S
24,29,Cr,,S
24,30,Cr,,S
24,31,Cr,209.82,B-
24,32,Cr,356.4,B-
24,33,Cr,21.1,B-
24,34,Cr,7,B-
24,35,Cr,0.74,B-
24,36,Cr,0.49,B-
24,37,Cr,0.234,B-
24,38,Cr,0.206,B-
24,39,Cr,0.129,B-
24,40,Cr,0.0429,B-
24,41,Cr,0.027,B-
24,42,Cr,0.024,B-
24,44,Cr,0.00000036,B-
24,45,Cr,0.00000062,B-
24,46,Cr,0.00000062,B-2N
25,19,Mn,0.000000105,P
25,20,Mn,,P
25,21,Mn,0.0362,EC+B+
25,22,Mn,0.1,EC+B+
25,23,Mn,0.1577,EC+B+
25,24,Mn,0.382,EC+B+
25,25,Mn,0.28319,EC+B+
25,26,Mn,2772,EC+B+
25,27,Mn,483062.4,EC+B+
25,28,Mn,116760626105990.4,EC
25,29,Mn,26974080,EC+B+
25,30,Mn,,S
25,31,Mn,9284.04,B-
25,32,Mn,85.4,B-
25,33,Mn,3,B-
25,34,Mn,4.59,B-
25,35,Mn,0.28,B-
25,36,Mn,0.709,B-
25,37,Mn,0.092,B-
25,38,Mn,0.275,B-
25,39,Mn,0.09,B-
25,40,Mn,0.092,B-
25,41,Mn,0.065,B-
25,42,Mn,0.047,B-
25,43,Mn,0.028,B-
25,44,Mn,0.016,B-
25,45,Mn,0.0199,B-
25,46,Mn,0.000000637,B-N
25,47,Mn,0.00000062,B-
25,48,Mn,,B-
26,19,Fe,0.00189,2P
26,20,Fe,0.013,EC+B+
26,21,Fe,0.0218,EC+B+
26,22,Fe,0.0455,EC+B+
26,23,Fe,0.0647,EC+B+
26,24,Fe,0.152,EC+B+
26,25,Fe,0.305,EC+B+
26,26,Fe,29790,EC+B+
26,27,Fe,510.6,EC+B+
26,28,Fe,,S
26,29,Fe,86592204.87428045,EC
26,30,Fe,,S
26,31,Fe,,S
26,32,Fe,,S
26,33,Fe,3843936,B-
26,34,Fe,82679146053431.05,B-
26,35,Fe,358.8,B-
26,36,Fe,68,B-
26,37,Fe,6.1,B-
26,38,Fe,2,B-
26,39,Fe,0.81,B-
26,40,Fe,0.44,B-
26,41,Fe,0.6,B-
26,42,Fe,0.188,B-
26,43,Fe,0.11,B-
26,44,Fe,0.065,B-
26,45,Fe,0.028,B-
26,46,Fe,0.00000015,B-
26,47,Fe,0.0129,B-
26,48,Fe,0.0082,B-N
26,49,Fe,0.00000062,B-2N
27,21,Co,,P
27,23,Co,0.0388,EC+B+
27,24,Co,0.0688,EC+B+
27,25,Co,0.104,EC+B+
27,26,Co,0.24,EC+B+
27,27,Co,0.19328,EC+B+
27,28,Co,63108,EC+B+
27,29,Co,6673190.4,EC+B+
27,30,Co,23478336,EC
27,31,Co,6122304,EC+B+
27,32,Co,,S
27,33,Co,166344192,B-
27,34,Co,5936.4,B-
27,35,Co,92.4,B-
27,36,Co,27.4,B-
27,37,Co,0.3,B-
27,38,Co,1.16,B-
27,39,Co,0.2,B-
27,40,Co,0.425,B-
27,41,Co,0.2,B-
27,42,Co,0.227,B-
27,43,Co,0.112,B-
27,44,Co,0.08,B-
27,45,Co,0.0599,B-
27,46,Co,0.0407,B-
27,47,Co,0.0313,B-
27,48,Co,0.03,B-
27,49,Co,0.0217,B-
27,50,Co,0.013,B-
28,20,Ni,0.0021,2P
28,21,Ni,0.0075,EC+B+
28,22,Ni,0.0185,EC+B+
28,23,Ni,0.0238,EC+B+
28,24,Ni,0.0408,EC+B+
28,25,Ni,0.0552,EC+B+
28,26,Ni,0.1142,EC+B+
28,27,Ni,0.2047,EC+B+
28,28,Ni,524880,EC+B+
28,29,Ni,128160,EC+B+
28,30,Ni,,S
28,31,Ni,2398326374068.992,EC+B+
28,32,Ni,,S
28,33,Ni,,S
28,34,Ni,,S
28,35,Ni,3193560908.6287103,B-
28,36,Ni,,S
28,37,Ni,9063,B-
28,38,Ni,196560,B-
28,39,Ni,21,B-
28,40,Ni,29,B-
28,41,Ni,11.4,B-
28,42,Ni,6,B-
28,43,Ni,2.56,B-
28,44,Ni,1.57,B-
28,45,Ni,0.84,B-
28,46,Ni,0.5077,B-
28,47,Ni,0.344,B-
28,48,Ni,0.238,B-
28,49,Ni,0.1589,B-
28,50,Ni,0.11,B-
28,51,Ni,0.043,B-
28,52,Ni,0.024,B-
28,54,Ni,,B-
29,24,Cu,0.00000013,P
29,25,Cu,0.000000075,P
29,26,Cu,0.04,B+
29,27,Cu,0.093,B+
29,28,Cu,0.1963,EC+B+
29,29,Cu,3.204,EC+B+
29,30,Cu,81.5,EC+B+
29,31,Cu,1422,EC+B+
29,32,Cu,12020.4,EC+B+
29,33,Cu,580.2,EC+B+
29,34,Cu,,S
29,35,Cu,45722.16,EC+B+
29,36,Cu,,S
29,37,Cu,307.2,B-
29,38,Cu,222588,B-
29,39,Cu,30.9,B-
29,40,Cu,171,B-
29,41,Cu,44.5,B-
29,42,Cu,19.4,B-
29,43,Cu,6.63,B-
29,44,Cu,4.2,B-
29,45,Cu,1.63,B-
29,46,Cu,1.224,B-
29,47,Cu,0.641,B-
29,48,Cu,0.4698,B-
29,49,Cu,0.335,B-
29,50,Cu,0.241,B-
29,51,Cu,0.1136,B-
29,52,Cu,0.0732,B-
29,53,Cu,0.033,B-
30,24,Zn,0.00159,2P
30,25,Zn,0.02,B+
30,26,Zn,0.03,B+
30,27,Zn,0.04,EC+B+
30,28,Zn,0.0867,EC+B+
30,29,Zn,0.1786,EC+B+
30,30,Zn,142.8,EC+B+
30,31,Zn,89.1,EC+B+
30,32,Zn,33094.8,EC+B+
30,33,Zn,2308.2,EC+B+
30,34,Zn,,S
30,35,Zn,21075552,EC+B+
30,36,Zn,,S
30,37,Zn,,S
30,38,Zn,,S
30,39,Zn,3384,B-
30,40,Zn,1.199163187034496e26,2B-
30,41,Zn,147,B-
30,42,Zn,167400,B-
30,43,Zn,24.5,B-
30,44,Zn,95.6,B-
30,45,Zn,10.2,B-
30,46,Zn,5.7,B-
30,47,Zn,2.08,B-
30,48,Zn,1.47,B-
30,49,Zn,0.746,B-
30,50,Zn,0.5619,B-
30,51,Zn,0.32,B-
30,52,Zn,0.166,B-
30,53,Zn,0.117,B-
30,54,Zn,0.000000633,B-N
30,55,Zn,0.000000637,B-N
31,28,Ga,0.000000043,P
31,29,Ga,0.07,EC+B+
31,30,Ga,0.167,EC+B+
31,31,Ga,0.116121,EC+B+
31,32,Ga,32.4,EC+B+
31,33,Ga,157.62,EC+B+
31,34,Ga,912,EC+B+
31,35,Ga,34164,EC+B+
31,36,Ga,281810.88,EC
31,37,Ga,4062.6,EC+B+
31,38,Ga,,S
31,39,Ga,1268.4,B-
31,40,Ga,,S
31,41,Ga,50760,B-
31,42,Ga,17496,B-
31,43,Ga,487.2,B-
31,44,Ga,126,B-
31,45,Ga,32.6,B-
31,46,Ga,13.2,B-
31,47,Ga,5.09,B-
31,48,Ga,2.848,B-
31,49,Ga,1.9,B-
31,50,Ga,1.217,B-
31,51,Ga,0.6,B-
31,52,Ga,0.3081,B-
31,53,Ga,0.085,B-
31,54,Ga,0.092,B-
31,55,Ga,0.043,B-
31,56,Ga,0.000000634,B-
32,27,Ge,0.0133,2P
32,28,Ge,0.00000011,EC+B+
32,29,Ge,0.044,EC+B+
32,30,Ge,0.129,EC+B+
32,31,Ge,0.15,EC+B+
32,32,Ge,63.7,EC+B+
32,33,Ge,30.9,EC+B+
32,34,Ge,8136,EC+B+
32,35,Ge,1134,EC+B+
32,36,Ge,23408352,EC
32,37,Ge,140580,EC+B+
32,38,Ge,,S
32,39,Ge,987552,EC
32,40,Ge,,S
32,41,Ge,,S
32,42,Ge,,S
32,43,Ge,4966.8,B-
32,44,Ge,,S
32,45,Ge,40359.6,B-
32,46,Ge,5280,B-
32,47,Ge,18.98,B-
32,48,Ge,29.5,B-
32,49,Ge,7.6,B-
32,50,Ge,4,B-
32,51,Ge,1.85,B-
32,52,Ge,0.954,B-
32,53,Ge,0.503,B-
32,54,Ge,0.226,B-
32,55,Ge,0.14,B-
32,56,Ge,0.0000003,B-
32,57,Ge,,B-
32,58,Ge,,B-
33,30,As,0.000000043,P
33,31,As,0.069,EC+B+
33,32,As,0.128,EC+B+
33,33,As,0.09577,EC+B+
33,34,As,42.5,EC+B+
33,35,As,151.6,EC+B+
33,36,As,912,EC+B+
33,37,As,3156,EC+B+
33,38,As,235080,EC+B+
33,39,As,93600,EC+B+
33,40,As,6937920,EC
33,41,As,1535328,EC+B+
33,42,As,,S
33,43,As,94464,B-
33,44,As,139644,B-
33,45,As,5442,B-
33,46,As,540.6,B-
33,47,As,15.2,B-
33,48,As,33.3,B-
33,49,As,19.1,B-
33,50,As,13.4,B-
33,51,As,4.2,B-
33,52,As,2.021,B-
33,53,As,0.945,B-
33,54,As,0.484,B-
33,55,As,0.2,B-
33,56,As,,B-
33,57,As,,B-
33,58,As,,B-
33,59,As,,B-
34,30,Se,,EC+B+
34,31,Se,0.033,EC+B+
34,32,Se,0.042,EC
34,33,Se,0.136,EC+B+
34,34,Se,35.5,EC+B+
34,35,Se,27.4,EC+B+
34,36,Se,2466,EC+B+
34,37,Se,284.4,EC+B+
34,38,Se,725760,EC
34,39,Se,25740,EC+B+
34,40,Se,,S
34,41,Se,10348992,EC
34,42,Se,,S
34,43,Se,,S
34,44,Se,,S
34,45,Se,10319114793691.584,B-
34,46,Se,,S
34,47,Se,1107,B-
34,48,Se,3.029464893560832e27,2B-
34,49,Se,1338,B-
34,50,Se,195.6,B-
34,51,Se,32.9,B-
34,52,Se,14.3,B-
34,53,Se,5.5,B-
34,54,Se,1.53,B-
34,55,Se,0.43,B-
34,56,Se,0.195,B-
34,57,Se,0.27,B-
34,58,Se,,B-
34,59,Se,,B-
34,60,Se,0.00000015,B-
34,61,Se,0.000000392,B-2N
35,34,Br,0.000000024,P
35,35,Br,0.0791,EC+B+
35,36,Br,21.4,EC+B+
35,37,Br,78.6,EC+B+
35,38,Br,204,EC+B+
35,39,Br,1524,EC+B+
35,40,Br,5802,EC+B+
35,41,Br,58320,EC+B+
35,42,Br,205344,EC+B+
35,43,Br,387,EC+B+
35,44,Br,,S
35,45,Br,1060.8,B-
35,46,Br,,S
35,47,Br,127015.2,B-
35,48,Br,8546.4,B-
35,49,Br,1905.6,B-
35,50,Br,174,B-
35,51,Br,55.1,B-
35,52,Br,55.68,B-
35,53,Br,16.34,B-
35,54,Br,4.357,B-
35,55,Br,1.91,B-
35,56,Br,0.543,B-
35,57,Br,0.314,B-
35,58,Br,0.102,B-
35,59,Br,0.07,B-
35,60,Br,0.00000015,B-
35,61,Br,0.00000015,B-
35,62,Br,,B-
35,63,Br,,B-
35,66,Br,,B-
36,33,Kr,0.028,EC+B+
36,34,Kr,0.04,EC+B+
36,35,Kr,0.1,EC+B+
36,36,Kr,17.1,EC+B+
36,37,Kr,27.3,EC+B+
36,38,Kr,690,EC+B+
36,39,Kr,276,EC+B+
36,40,Kr,53280,EC+B+
36,41,Kr,4275,EC+B+
36,42,Kr,,S
36,43,Kr,126144,EC+B+
36,44,Kr,,S
36,45,Kr,7226536048181.568,EC
36,46,Kr,,S
36,47,Kr,,S
36,48,Kr,,S
36,49,Kr,338889828.0411435,B-
36,50,Kr,,S
36,51,Kr,4578,B-
36,52,Kr,10170,B-
36,53,Kr,189,B-
36,54,Kr,32.32,B-
36,55,Kr,8.57,B-
36,56,Kr,1.84,B-
36,57,Kr,1.286,B-
36,58,Kr,0.212,B-
36,59,Kr,0.114,B-
36,60,Kr,0.08,B-
36,61,Kr,0.063,B-
36,62,Kr,0.043,B-
36,63,Kr,0.013,B-
36,64,Kr,0.007,B-
36,65,Kr,0.000000635,B-
36,66,Kr,,B-
37,35,Rb,0.000000103,EC+B+
37,36,Rb,0.000000081,P
37,37,Rb,0.064776,EC+B+
37,38,Rb,19,EC+B+
37,39,Rb,36.5,EC+B+
37,40,Rb,226.8,EC+B+
37,41,Rb,1059.6,EC+B+
37,42,Rb,1374,EC+B+
37,43,Rb,33.4,EC+B+
37,44,Rb,16459.2,EC+B+
37,45,Rb,75.45,EC+B+
37,46,Rb,7447680,EC
37,47,Rb,2835648,EC+B+
37,48,Rb,,S
37,49,Rb,1610668.8,B-
37,50,Rb,1.5683792209372224e18,B-
37,51,Rb,1066.38,B-
37,52,Rb,919.2,B-
37,53,Rb,158,B-
37,54,Rb,58.2,B-
37,55,Rb,4.48,B-
37,56,Rb,5.84,B-
37,57,Rb,2.702,B-
37,58,Rb,0.3777,B-
37,59,Rb,0.203,B-
37,60,Rb,0.1691,B-
37,61,Rb,0.115,B-
37,62,Rb,0.054,B-
37,63,Rb,0.052,B-
37,64,Rb,0.032,B-
37,65,Rb,0.037,B-
37,66,Rb,0.023,B-
37,67,Rb,,B-
37,68,Rb,,B-
37,69,Rb,,B-
38,35,Sr,0.025,EC+B+
38,36,Sr,0.027,EC+B+
38,37,Sr,0.088,EC+B+
38,38,Sr,7.89,EC+B+
38,39,Sr,9,EC+B+
38,40,Sr,160,EC+B+
38,41,Sr,135,EC+B+
38,42,Sr,6378,EC+B+
38,43,Sr,1338,EC+B+
38,44,Sr,2190240,EC
38,45,Sr,116676,EC+B+
38,46,Sr,,S
38,47,Sr,5602953.6,EC
38,48,Sr,,S
38,49,Sr,,S
38,50,Sr,,S
38,51,Sr,4368643.2,B-
38,52,Sr,912310729.9254547,B-
38,53,Sr,34740,B-
38,54,Sr,9399.6,B-
38,55,Sr,445.8,B-
38,56,Sr,75.3,B-
38,57,Sr,23.9,B-
38,58,Sr,1.07,B-
38,59,Sr,0.429,B-
38,60,Sr,0.653,B-
38,61,Sr,0.269,B-
38,62,Sr,0.2,B-
38,63,Sr,0.118,B-
38,64,Sr,0.069,B-
38,65,Sr,0.053,B-
38,66,Sr,0.053,B-
38,67,Sr,0.039,B-
38,68,Sr,0.02,B-
38,69,Sr,0.000000395,B-2N
38,70,Sr,,B-
39,37,Y,0.0000002,EC+B+
39,38,Y,0.057,EC+B+
39,39,Y,0.053,EC+B+
39,40,Y,14.8,EC+B+
39,41,Y,30.1,EC+B+
39,42,Y,70.4,EC+B+
39,43,Y,8.3,EC+B+
39,44,Y,424.8,EC+B+
39,45,Y,2370,EC+B+
39,46,Y,9648,EC+B+
39,47,Y,53064,EC+B+
39,48,Y,287280,EC+B+
39,49,Y,9212486.4,EC+B+
39,50,Y,,S
39,51,Y,230580,B-
39,52,Y,5055264,B-
39,53,Y,12744,B-
39,54,Y,36648,B-
39,55,Y,1122,B-
39,56,Y,618,B-
39,57,Y,5.34,B-
39,58,Y,3.75,B-
39,59,Y,0.548,B-
39,60,Y,1.484,B-
39,61,Y,0.732,B-
39,62,Y,0.45,B-
39,63,Y,0.36,B-
39,64,Y,0.23,B-
39,65,Y,0.197,B-
39,66,Y,0.107,B-
39,67,Y,0.079,B-
39,68,Y,0.0335,B-
39,69,Y,0.03,B-
39,70,Y,0.025,B-
39,71,Y,,B-
39,72,Y,,B-
40,37,Zr,,EC+B+
40,38,Zr,0.00000017,EC+B+
40,39,Zr,0.056,EC+B+
40,40,Zr,4.6,EC+B+
40,41,Zr,5.5,EC+B+
40,42,Zr,32,EC+B+
40,43,Zr,42,EC+B+
40,44,Zr,1548,EC+B+
40,45,Zr,471.6,EC+B+
40,46,Zr,59400,EC+B+
40,47,Zr,6048,EC+B+
40,48,Zr,7205760,EC
40,49,Zr,282276,EC+B+
40,50,Zr,,S
40,51,Zr,,S
40,52,Zr,,S
40,53,Zr,50806650819093.12,B-
40,54,Zr,,S
40,55,Zr,5532364.8,B-
40,56,Zr,6.3113851949184e26,2B-
40,57,Zr,60296.4,B-
40,58,Zr,30.7,B-
40,59,Zr,2.1,B-
40,60,Zr,7.1,B-
40,61,Zr,2.3,B-
40,62,Zr,2.9,B-
40,63,Zr,1.3,B-
40,64,Zr,1.2,B-
40,65,Zr,0.66,B-
40,66,Zr,0.18,B-
40,67,Zr,0.146,B-
40,68,Zr,0.0774,B-
40,69,Zr,0.056,B-
40,70,Zr,0.0375,B-
40,71,Zr,0.024,B-
40,72,Zr,0.03,B-
40,73,Zr,,B-
40,74,Zr,,B-
41,40,Nb,0.0000002,EC+B+
41,41,Nb,0.05,EC+B+
41,42,Nb,3.9,EC+B+
41,43,Nb,9.8,EC+B+
41,44,Nb,20.5,EC+B+
41,45,Nb,88,EC+B+
41,46,Nb,222,EC+B+
41,47,Nb,870,EC+B+
41,48,Nb,7308,EC+B+
41,49,Nb,52560,EC+B+
41,50,Nb,21458709662.72256,EC+B+
41,51,Nb,1095025331318342.4,EC+B+
41,52,Nb,,S
41,53,Nb,640605597284.2177,B-
41,54,Nb,3023222.4,B-
41,55,Nb,84060,B-
41,56,Nb,4326,B-
41,57,Nb,2.86,B-
41,58,Nb,15,B-
41,59,Nb,1.4,B-
41,60,Nb,7.1,B-
41,61,Nb,4.3,B-
41,62,Nb,1.5,B-
41,63,Nb,4.9,B-
41,64,Nb,2.91,B-
41,65,Nb,1.02,B-
41,66,Nb,0.3,B-
41,67,Nb,0.198,B-
41,68,Nb,0.108,B-
41,69,Nb,0.082,B-
41,70,Nb,0.054,B-
41,71,Nb,0.033,B-
41,72,Nb,0.032,B-
41,73,Nb,0.017,B-
41,74,Nb,0.023,B-
41,75,Nb,,B-
41,76,Nb,,B-
42,39,Mo,0.00000045,EC+B+
42,40,Mo,,EC+B+
42,41,Mo,0.006,EC+B+
42,42,Mo,2.3,EC+B+
42,43,Mo,3.2,EC+B+
42,44,Mo,19.1,EC+B+
42,45,Mo,14.1,EC+B+
42,46,Mo,480,EC+B+
42,47,Mo,126.6,EC+B+
42,48,Mo,20016,EC+B+
42,49,Mo,929.4,EC+B+
42,50,Mo,,S
42,51,Mo,126227703898.368,EC
42,52,Mo,,S
42,53,Mo,,S
42,54,Mo,,S
42,55,Mo,,S
42,56,Mo,,S
42,57,Mo,237326.4,B-
42,58,Mo,2.212140510818899e26,2B-
42,59,Mo,876.6,B-
42,60,Mo,678,B-
42,61,Mo,67.5,B-
42,62,Mo,60,B-
42,63,Mo,36.3,B-
42,64,Mo,8.73,B-
42,65,Mo,3.5,B-
42,66,Mo,1.09,B-
42,67,Mo,0.61,B-
42,68,Mo,0.296,B-
42,69,Mo,0.186,B-
42,70,Mo,0.12,B-
42,71,Mo,0.08,B-
42,72,Mo,0.058,B-
42,73,Mo,0.0455,B-
42,74,Mo,0.032,B-2N
42,75,Mo,0.022,B-2N
42,76,Mo,0.019,B-
42,77,Mo,,B-
43,42,Tc,0.0000001,P
43,43,Tc,0.055,EC+B+
43,44,Tc,2.2,EC+B+
43,45,Tc,6.4,EC+B+
43,46,Tc,12.8,EC+B+
43,47,Tc,49.2,EC
43,48,Tc,188.4,EC+B+
43,49,Tc,255,EC+B+
43,50,Tc,9900,EC+B+
43,51,Tc,17580,EC+B+
43,52,Tc,72000,EC+B+
43,53,Tc,369792,EC+B+
43,54,Tc,132854658353032.31,EC
43,55,Tc,132539089093286.4,B-
43,56,Tc,6661667073236.371,B-
43,57,Tc,15.65,B-
43,58,Tc,853.2,B-
43,59,Tc,5.28,B-
43,60,Tc,54.2,B-
43,61,Tc,1098,B-
43,62,Tc,458.4,B-
43,63,Tc,35.6,B-
43,64,Tc,21.2,B-
43,65,Tc,5.17,B-
43,66,Tc,0.91,B-
43,67,Tc,0.9,B-
43,68,Tc,0.29,B-
43,69,Tc,0.271,B-
43,70,Tc,0.152,B-
43,71,Tc,0.1,B-
43,72,Tc,0.078,B-
43,73,Tc,0.057,B-
43,74,Tc,0.0445,B-
43,75,Tc,0.03,B-
43,76,Tc,0.022,B-
43,77,Tc,0.021,B-
43,78,Tc,0.022,B-
43,79,Tc,,B-
44,41,Ru,0.00000045,P
44,42,Ru,0.000000438,EC+B+
44,44,Ru,1.2,EC+B+
44,45,Ru,1.32,EC+B+
44,46,Ru,11.7,EC+B+
44,47,Ru,8,EC+B+
44,48,Ru,219,EC+B+
44,49,Ru,59.7,EC+B+
44,50,Ru,3108,EC
44,51,Ru,5914.8,EC+B+
44,52,Ru,,S
44,53,Ru,244512,EC+B+
44,54,Ru,,S
44,55,Ru,,S
44,56,Ru,,S
44,57,Ru,,S
44,58,Ru,,S
44,59,Ru,3390940.8,B-
44,60,Ru,,S
44,61,Ru,15980.4,B-
44,62,Ru,32123520,B-
44,63,Ru,225,B-
44,64,Ru,273,B-
44,65,Ru,34.4,B-
44,66,Ru,12.04,B-
44,67,Ru,2.12,B-
44,68,Ru,1.75,B-
44,69,Ru,0.8,B-
44,70,Ru,0.54,B-
44,71,Ru,0.318,B-
44,72,Ru,0.204,B-
44,73,Ru,0.151,B-
44,74,Ru,0.099,B-
44,75,Ru,0.0695,B-
44,76,Ru,0.045,B-
44,77,Ru,0.029,B-
44,78,Ru,0.025,B-
44,79,Ru,0.019,B-
44,80,Ru,0.015,B-
44,81,Ru,,B-
45,44,Rh,0.00000012,EC+B+
45,45,Rh,0.029,EC+B+
45,46,Rh,1.47,EC+B+
45,47,Rh,4.66,EC+B+
45,48,Rh,12.2,EC+B+
45,49,Rh,70.6,EC+B+
45,50,Rh,301.2,EC+B+
45,51,Rh,594,EC+B+
45,52,Rh,1842,EC+B+
45,53,Rh,523.2,EC+B+
45,54,Rh,1391040,EC+B+
45,55,Rh,73800,EC+B+
45,56,Rh,104137855.7161536,EC
45,57,Rh,17910720,EC+B+
45,58,Rh,,S
45,59,Rh,42.3,B-
45,60,Rh,127227.6,B-
45,61,Rh,30.07,B-
45,62,Rh,1302,B-
45,63,Rh,16.8,B-
45,64,Rh,80.8,B-
45,65,Rh,3.35,B-
45,66,Rh,11,B-
45,67,Rh,3.6,B-
45,68,Rh,2.8,B-
45,69,Rh,1.85,B-
45,70,Rh,0.99,B-
45,71,Rh,0.68,B-
45,72,Rh,0.44,B-
45,73,Rh,0.266,B-
45,74,Rh,0.171,B-
45,75,Rh,0.132,B-
45,76,Rh,0.151,B-
45,77,Rh,0.0000003,B-2N
45,78,Rh,0.0422,B-
45,79,Rh,0.03,B-
45,80,Rh,0.0265,B-
45,81,Rh,0.019,B-
45,82,Rh,0.02,B-
45,83,Rh,,B-
46,44,Pd,,EC+B+
46,45,Pd,,EC+B+
46,46,Pd,1,EC+B+
46,47,Pd,1,EC+B+
46,48,Pd,9,EC+B+
46,49,Pd,5,EC+B+
46,50,Pd,122,EC+B+
46,51,Pd,186,EC+B+
46,52,Pd,1062,EC+B+
46,53,Pd,1284,EC+B+
46,54,Pd,313632,EC
46,55,Pd,30492,EC+B+
46,56,Pd,,S
46,57,Pd,1468022.4,EC
46,58,Pd,,S
46,59,Pd,,S
46,60,Pd,,S
46,61,Pd,205120018834848,B-
46,62,Pd,,S
46,63,Pd,48924,B-
46,64,Pd,,S
46,65,Pd,1404,B-
46,66,Pd,75744,B-
46,67,Pd,93,B-
46,68,Pd,145.2,B-
46,69,Pd,25,B-
46,70,Pd,11.8,B-
46,71,Pd,4.3,B-
46,72,Pd,1.9,B-
46,73,Pd,0.92,B-
46,74,Pd,0.492,B-
46,75,Pd,0.285,B-
46,76,Pd,0.175,B-
46,77,Pd,0.109,B-
46,78,Pd,0.038,B-
46,79,Pd,0.057,B-
46,80,Pd,0.0485,B-
46,81,Pd,0.038,B-
46,82,Pd,0.035,B-
46,83,Pd,0.031,B-
46,84,Pd,,B-
46,85,Pd,,B-
47,45,Ag,,EC+B+
47,46,Ag,0.000000228,EC+B+
47,47,Ag,0.026,EC+B+
47,48,Ag,1.75,EC+B+
47,49,Ag,4.4,EC+B+
47,50,Ag,25.5,EC
47,51,Ag,47.5,EC+B+
47,52,Ag,124,EC+B+
47,53,Ag,120.6,EC+B+
47,54,Ag,666,EC+B+
47,55,Ag,774,EC+B+
47,56,Ag,3942,EC+B+
47,57,Ag,4152,EC+B+
47,58,Ag,3567456,EC+B+
47,59,Ag,1437.6,EC+B+
47,60,Ag,,S
47,61,Ag,142.92,B-
47,62,Ag,,S
47,63,Ag,24.56,B-
47,64,Ag,643680,B-
47,65,Ag,11268,B-
47,66,Ag,19332,B-
47,67,Ag,4.6,B-
47,68,Ag,1200,B-
47,69,Ag,230,B-
47,70,Ag,72.8,B-
47,71,Ag,3.76,B-
47,72,Ag,2.1,B-
47,73,Ag,1.23,B-
47,74,Ag,0.78,B-
47,75,Ag,0.529,B-
47,76,Ag,0.299,B-
47,77,Ag,0.191,B-
47,78,Ag,0.159,B-
47,79,Ag,0.052,B-
47,80,Ag,0.109,B-
47,81,Ag,0.058,B-
47,82,Ag,0.046,B-
47,83,Ag,0.042,B-
47,84,Ag,0.035,B-
47,85,Ag,0.028,B-
48,46,Cd,0.00000076,EC+B+
48,47,Cd,0.032,B+
48,48,Cd,1.03,EC+B+
48,49,Cd,2.8,EC
48,50,Cd,9.3,EC+B+
48,51,Cd,16,EC+B+
48,52,Cd,49.1,EC+B+
48,53,Cd,81.6,EC+B+
48,54,Cd,330,EC+B+
48,55,Cd,438,EC+B+
48,56,Cd,3462,EC+B+
48,57,Cd,3330,EC+B+
48,58,Cd,,S
48,59,Cd,23400,EC+B+
48,60,Cd,,S
48,61,Cd,39908160,EC
48,62,Cd,,S
48,63,Cd,,S
48,64,Cd,,S
48,65,Cd,2.5371768483571968e23,B-
48,66,Cd,,S
48,67,Cd,192456,B-
48,68,Cd,1.041378557161536e27,2B-
48,69,Cd,8964,B-
48,70,Cd,3018,B-
48,71,Cd,161.4,B-
48,72,Cd,50.8,B-
48,73,Cd,13.5,B-
48,74,Cd,5.24,B-
48,75,Cd,2.1,B-
48,76,Cd,1.25,B-
48,77,Cd,0.68,B-
48,78,Cd,0.514,B-
48,79,Cd,0.37,B-
48,80,Cd,0.28,B-
48,81,Cd,0.154,B-
48,82,Cd,0.162,B-
48,83,Cd,0.068,B-
48,84,Cd,0.084,B-
48,85,Cd,0.057,B-
48,86,Cd,0.065,B-
49,47,In,,EC+B+
49,48,In,0.036,B+
49,49,In,0.03,EC+B+
49,50,In,3.1,B+P
49,51,In,5.65,EC+B+
49,52,In,15.1,EC+B+
49,53,In,23.3,EC+B+
49,54,In,65,EC+B+
49,55,In,108,EC+B+
49,56,In,304.2,EC+B+
49,57,In,372,EC+B+
49,58,In,1944,EC+B+
49,59,In,3480,EC+B+
49,60,In,14972.4,EC+B+
49,61,In,17712,EC+B+
49,62,In,242326.08,EC
49,63,In,892.8,EC+B+
49,64,In,,S
49,65,In,71.9,B-
49,66,In,1.3916604354795072e22,B-
49,67,In,14.1,B-
49,68,In,2592,B-
49,69,In,5,B-
49,70,In,144,B-
49,71,In,3.08,B-
49,72,In,23.1,B-
49,73,In,1.5,B-
49,74,In,6.15,B-
49,75,In,3.12,B-
49,76,In,2.36,B-
49,77,In,1.53,B-
49,78,In,1.09,B-
49,79,In,0.84,B-
49,80,In,0.611,B-
49,81,In,0.29,B-
49,82,In,0.28,B-
49,83,In,0.2,B-
49,84,In,0.165,B-
49,85,In,0.14,B-
49,86,In,0.101,B-
49,87,In,0.085,B-
49,88,In,0.065,B-
50,49,Sn,0.00000076,EC+B+
50,50,Sn,1.18,EC+B+
50,51,Sn,1.7,EC+B+
50,52,Sn,3.8,EC+B+
50,53,Sn,7,EC+B+
50,54,Sn,20.8,EC+B+
50,55,Sn,32.7,EC+B+
50,56,Sn,115,EC+B+
50,57,Sn,174,EC+B+
50,58,Sn,618,EC+B+
50,59,Sn,1086,EC+B+
50,60,Sn,14954.4,EC
50,61,Sn,2118,EC+B+
50,62,Sn,,S
50,63,Sn,9943776,EC+B+
50,64,Sn,,S
50,65,Sn,,S
50,66,Sn,,S
50,67,Sn,,S
50,68,Sn,,S
50,69,Sn,,S
50,70,Sn,,S
50,71,Sn,97308,B-
50,72,Sn,,S
50,73,Sn,11162880,B-
50,74,Sn,,S
50,75,Sn,832896,B-
50,76,Sn,6879409862461.056,B-
50,77,Sn,7560,B-
50,78,Sn,3544.2,B-
50,79,Sn,133.8,B-
50,80,Sn,223.2,B-
50,81,Sn,56,B-
50,82,Sn,39.7,B-
50,83,Sn,1.46,B-
50,84,Sn,1.05,B-
50,85,Sn,0.515,B-
50,86,Sn,0.345,B-
50,87,Sn,0.19,B-
50,88,Sn,0.14,B-
50,89,Sn,0.13,B-
50,90,Sn,,B-
51,52,Sb,0.000000049,P
51,53,Sb,0.44,EC+B+
51,54,Sb,1.22,EC+B+
51,55,Sb,0.6,EC+B+
51,56,Sb,4,EC+B+
51,57,Sb,7.4,EC+B+
51,58,Sb,17.2,EC+B+
51,59,Sb,23.6,EC+B+
51,60,Sb,75,EC+B+
51,61,Sb,53.5,EC+B+
51,62,Sb,400.2,EC+B+
51,63,Sb,209.4,EC+B+
51,64,Sb,1926,EC+B+
51,65,Sb,948,EC+B+
51,66,Sb,10080,EC+B+
51,67,Sb,216,EC+B+
51,68,Sb,137484,EC
51,69,Sb,953.4,EC+B+
51,70,Sb,,S
51,71,Sb,235336.32,B-
51,72,Sb,,S
51,73,Sb,5201280,B-
51,74,Sb,87051673.71647051,B-
51,75,Sb,1067040,B-
51,76,Sb,332640,B-
51,77,Sb,32580,B-
51,78,Sb,15717.6,B-
51,79,Sb,2370,B-
51,80,Sb,1381.8,B-
51,81,Sb,167.4,B-
51,82,Sb,140.4,B-
51,83,Sb,0.78,B-
51,84,Sb,1.679,B-
51,85,Sb,0.923,B-
51,86,Sb,0.45,B-
51,87,Sb,0.348,B-N
51,88,Sb,0.093,B-
51,89,Sb,0.173,B-
51,90,Sb,,B-
51,91,Sb,0.053,B-
52,52,Te,0.000000018,A
52,53,Te,0.00000062,A
52,54,Te,0.00007,A
52,55,Te,0.0031,A
52,56,Te,2.1,EC+B+
52,57,Te,4.4,EC+B+
52,58,Te,18.6,EC+B+
52,59,Te,19.3,EC+B+
52,60,Te,120,EC+B+
52,61,Te,102,EC+B+
52,62,Te,912,EC+B+
52,63,Te,348,EC+B+
52,64,Te,8964,EC+B+
52,65,Te,3720,EC+B+
52,66,Te,518400,EC
52,67,Te,57780,EC+B+
52,68,Te,,S
52,69,Te,1656288,EC+B+
52,70,Te,,S
52,71,Te,2.903237189662464e24,EC
52,72,Te,,S
52,73,Te,,S
52,74,Te,,S
52,75,Te,33660,B-
52,76,Te,2.429883300043584e32,2B-
52,77,Te,4176,B-
52,78,Te,2.492997151992768e28,2B-
52,79,Te,1500,B-
52,80,Te,276825.6,B-
52,81,Te,750,B-
52,82,Te,2508,B-
52,83,Te,19,B-
52,84,Te,17.63,B-
52,85,Te,2.49,B-
52,86,Te,1.4,B-
52,87,Te,1.6,B-
52,88,Te,0.348,B-
52,90,Te,,B-
52,91,Te,0.000000408,B-2N
52,92,Te,,B-
52,93,Te,,B-
53,55,I,0.036,A
53,56,I,0.0000928,P
53,57,I,0.664,EC+B+
53,58,I,2.5,EC+B+
53,59,I,3.34,EC+B+
53,60,I,6.6,EC+B+
53,61,I,2.1,EC+B+
53,62,I,78,EC+B+
53,63,I,2.91,EC+B+
53,64,I,133.2,EC+B+
53,65,I,822,EC+B+
53,66,I,1146,EC+B+
53,67,I,4896,EC+B+
53,68,I,7632,EC+B+
53,69,I,217.8,EC+B+
53,70,I,47602.8,EC+B+
53,71,I,360806.4,EC+B+
53,72,I,5132764.8,EC
53,73,I,1117152,EC+B+
53,74,I,,S
53,75,I,1499.4,B-
53,76,I,495443737801094.4,B-
53,77,I,44496,B-
53,78,I,693377.28,B-
53,79,I,8262,B-
53,80,I,74988,B-
53,81,I,3150,B-
53,82,I,23688,B-
53,83,I,83.4,B-
53,84,I,24.5,B-
53,85,I,6.26,B-
53,86,I,2.28,B-
53,87,I,0.86,B-
53,88,I,0.43,B-
53,89,I,0.222,B-
53,90,I,0.13,B-
53,91,I,0.0000003,B-
53,92,I,0.000000407,B-
53,93,I,0.094,B-
53,94,I,,B-
54,54,Xe,0.000054,A
54,55,Xe,0.013,A
54,56,Xe,0.093,A
54,57,Xe,0.74,A
54,58,Xe,2.7,EC+B+
54,59,Xe,2.74,EC+B+
54,60,Xe,10,EC+B+
54,61,Xe,18,EC+B+
54,62,Xe,59,EC+B+
54,63,Xe,61,EC+B+
54,64,Xe,228,EC+B+
54,65,Xe,348,EC+B+
54,66,Xe,2400,EC+B+
54,67,Xe,2406,EC+B+
54,68,Xe,72360,EC
54,69,Xe,7380,EC+B+
54,70,Xe,5.04910815593472e21,2B+
54,71,Xe,60840,EC+B+
54,72,Xe,,S
54,73,Xe,3140294.4,EC
54,74,Xe,,S
54,75,Xe,,S
54,76,Xe,,S
54,77,Xe,,S
54,78,Xe,,S
54,79,Xe,453384,B-
54,80,Xe,1.830301706526336e30,2B-
54,81,Xe,32904,B-
54,82,Xe,6.832074473499168e28,2B-
54,83,Xe,229.08,B-
54,84,Xe,848.4,B-
54,85,Xe,39.68,B-
54,86,Xe,13.6,B-
54,87,Xe,1.73,B-
54,88,Xe,1.23,B-
54,89,Xe,0.511,B-
54,90,Xe,1.15,B-
54,91,Xe,0.188,B-
54,92,Xe,0.146,B-
54,93,Xe,0.088,B-
54,94,Xe,0.0000004,B-N
54,95,Xe,,B-
54,96,Xe,,B-
55,57,Cs,0.00049,P
55,58,Cs,0.0000177,P
55,59,Cs,0.57,EC+B+
55,60,Cs,1.4,EC+B+
55,61,Cs,0.7,EC+B+
55,62,Cs,8.4,EC+B+
55,63,Cs,14,EC+B+
55,64,Cs,43,EC+B+
55,65,Cs,61.3,EC+B+
55,66,Cs,155,EC+B+
55,67,Cs,21.18,EC+B+
55,68,Cs,351.6,EC+B+
55,69,Cs,30.9,EC+B+
55,70,Cs,2802,EC+B+
55,71,Cs,98.58,EC+B+
55,72,Cs,22500,EC+B+
55,73,Cs,218.4,EC+B+
55,74,Cs,115416,EC+B+
55,75,Cs,1752.6,EC+B+
55,76,Cs,837129.6,EC
55,77,Cs,559872,EC+B+
55,78,Cs,,S
55,79,Cs,65171363.5227274,B-
55,80,Cs,72580929741561.6,B-
55,81,Cs,1124064,B-
55,82,Cs,949232333.3157274,B-
55,83,Cs,1950,B-
55,84,Cs,556.2,B-
55,85,Cs,63.7,B-
55,86,Cs,24.84,B-
55,87,Cs,1.684,B-
55,88,Cs,1.791,B-
55,89,Cs,0.994,B-
55,90,Cs,0.587,B-
55,91,Cs,0.322,B-
55,92,Cs,0.2295,B-
55,93,Cs,0.146,B-
55,94,Cs,0.113,B-
55,95,Cs,0.084,B-
55,96,Cs,0.069,B-
55,97,Cs,0.05,B-
56,58,Ba,0.43,EC+B+
56,59,Ba,0.45,EC+B+
56,60,Ba,1.3,EC+B+
56,61,Ba,1.75,EC+B+
56,62,Ba,5.5,EC+B+
56,63,Ba,5.4,EC+B+
56,64,Ba,24,EC+B+
56,65,Ba,29.7,EC+B+
56,66,Ba,117,EC+B+
56,67,Ba,144,EC+B+
56,68,Ba,660,EC+B+
56,69,Ba,198,EC+B+
56,70,Ba,6000,EC+B+
56,71,Ba,762,EC+B+
56,72,Ba,209952,EC
56,73,Ba,8028,EC+B+
56,74,Ba,,S
56,75,Ba,993600,EC+B+
56,76,Ba,9.4670777923776e28,2B+
56,77,Ba,332957125.9579202,EC
56,78,Ba,,S
56,79,Ba,,S
56,80,Ba,,S
56,81,Ba,,S
56,82,Ba,,S
56,83,Ba,4975.8,B-
56,84,Ba,1101686.4,B-
56,85,Ba,1096.2,B-
56,86,Ba,636,B-
56,87,Ba,14.5,B-
56,88,Ba,11.5,B-
56,89,Ba,4.31,B-
56,90,Ba,2.21,B-
56,91,Ba,0.894,B-
56,92,Ba,0.612,B-
56,93,Ba,0.344,B-
56,94,Ba,0.259,B-
56,95,Ba,0.167,B-
56,96,Ba,0.139,B-
56,97,Ba,0.116,B-
56,98,Ba,0.053,B-
57,60,La,0.0235,P
57,63,La,2.8,EC+B+
57,64,La,5.3,EC+B+
57,65,La,8.6,EC+B+
57,66,La,16.3,EC+B+
57,67,La,21,EC+B+
57,68,La,64.8,EC+B+
57,69,La,54,EC+B+
57,70,La,306,EC+B+
57,71,La,310.8,EC
57,72,La,696,EC+B+
57,73,La,522,EC+B+
57,74,La,3540,EC+B+
57,75,La,17280,EC+B+
57,76,La,14083.2,EC+B+
57,77,La,387,EC+B+
57,78,La,70200,EC+B+
57,79,La,592.2,EC+B+
57,80,La,1893415558475.52,EC
57,81,La,3.250363375382976e18,EC+B+
57,82,La,,S
57,83,La,145029.312,B-
57,84,La,14112,B-
57,85,La,5466,B-
57,86,La,852,B-
57,87,La,40.8,B-
57,88,La,24.8,B-
57,89,La,6.1,B-
57,90,La,4.06,B-
57,91,La,1.26,B-
57,92,La,1.05,B-
57,93,La,0.59,B-
57,94,La,0.457,B-
57,95,La,0.298,B-
57,96,La,0.245,B-
57,97,La,0.161,B-
57,98,La,0.101,B-
57,99,La,0.084,B-
57,100,La,,B-
58,63,Ce,1.1,EC+B+
58,64,Ce,,EC+B+
58,65,Ce,3.8,EC+B+
58,66,Ce,6,EC+B+
58,67,Ce,9.7,EC+B+
58,68,Ce,51,EC+B+
58,69,Ce,34,EC+B+
58,70,Ce,235.8,EC+B+
58,71,Ce,210,EC+B+
58,72,Ce,1374,EC+B+
58,73,Ce,618,EC+B+
58,74,Ce,12636,EC+B+
58,75,Ce,5820,EC+B+
58,76,Ce,273024,EC
58,77,Ce,63720,EC+B+
58,78,Ce,,S
58,79,Ce,32400,EC+B+
58,80,Ce,1.388504742882048e24,2EC
58,81,Ce,11891232,EC
58,82,Ce,,S
58,83,Ce,2808950.4,B-
58,84,Ce,1.5778462987296e24,S
58,85,Ce,118940.4,B-
58,86,Ce,24616224,B-
58,87,Ce,180.6,B-
58,88,Ce,809.4,B-
58,89,Ce,56.4,B-
58,90,Ce,56.8,B-
58,91,Ce,5.3,B-
58,92,Ce,4,B-
58,93,Ce,1.76,B-
58,94,Ce,1.4,B-
58,95,Ce,0.865,B-
58,96,Ce,0.722,B-
58,97,Ce,0.313,B-
58,98,Ce,0.233,B-
58,99,Ce,0.18,B-
58,100,Ce,0.099,B-
59,62,Pr,0.01,P
59,65,Pr,1.2,EC+B+
59,66,Pr,3.3,EC+B+
59,67,Pr,3.14,EC+B+
59,68,Pr,4.2,EC+B+
59,69,Pr,2.84,EC+B+
59,70,Pr,30,EC+B+
59,71,Pr,40,EC+B+
59,72,Pr,90.6,EC+B+
59,73,Pr,96,EC+B+
59,74,Pr,390,EC+B+
59,75,Pr,1020,EC+B+
59,76,Pr,1440,EC+B+
59,77,Pr,786,EC+B+
59,78,Pr,4608,EC+B+
59,79,Pr,87,EC+B+
59,80,Pr,15876,EC+B+
59,81,Pr,203.4,EC+B+
59,82,Pr,,S
59,83,Pr,68832,B-
59,84,Pr,1172448,B-
59,85,Pr,1036.8,B-
59,86,Pr,21542.4,B-
59,87,Pr,1445.4,B-
59,88,Pr,806.4,B-
59,89,Pr,137.4,B-
59,90,Pr,135.6,B-
59,91,Pr,6.19,B-
59,92,Pr,18.9,B-
59,93,Pr,3.57,B-
59,94,Pr,4.29,B-
59,95,Pr,2.3,B-
59,96,Pr,1.47,B-
59,97,Pr,0.444,B-
59,98,Pr,0.295,B-
59,99,Pr,0.181,B-
59,100,Pr,0.13,B-
59,101,Pr,0.17,B-
59,102,Pr,,B-
60,65,Nd,0.65,EC+B+
60,66,Nd,,EC+B+
60,67,Nd,1.8,EC+B+
60,68,Nd,5,EC+B+
60,69,Nd,6.7,EC+B+
60,70,Nd,13,EC+B+
60,71,Nd,25.4,EC+B+
60,72,Nd,94,EC+B+
60,73,Nd,70,EC+B+
60,74,Nd,510,EC+B+
60,75,Nd,744,EC+B+
60,76,Nd,3039,EC+B+
60,77,Nd,2310,EC+B+
60,78,Nd,18144,EC+B+
60,79,Nd,1782,EC+B+
60,80,Nd,291168,EC
60,81,Nd,8964,EC+B+
60,82,Nd,,S
60,83,Nd,,S
60,84,Nd,7.226536048181568e22,A
60,85,Nd,,S
60,86,Nd,,S
60,87,Nd,952992,B-
60,88,Nd,,S
60,89,Nd,6220.8,B-
60,90,Nd,2.871680263687872e26,2B-
60,91,Nd,746.4,B-
60,92,Nd,684,B-
60,93,Nd,31.6,B-
60,94,Nd,25.9,B-
60,95,Nd,8.9,B-
60,96,Nd,5.26,B-
60,97,Nd,1.15,B-
60,98,Nd,0.82,B-
60,99,Nd,0.485,B-
60,100,Nd,0.439,B-
60,101,Nd,0.22,B-
60,102,Nd,0.31,B-
60,103,Nd,,B-
61,67,Pm,1,EC
61,68,Pm,2.4,EC+B+
61,69,Pm,2.6,EC+B+
61,70,Pm,6.3,EC+B+
61,71,Pm,6.2,EC+B+
61,72,Pm,13.5,EC+B+
61,73,Pm,5,EC+B+
61,74,Pm,49,EC+B+
61,75,Pm,300,EC+B+
61,76,Pm,144,EC+B+
61,77,Pm,10,EC+B+
61,78,Pm,249,EC+B+
61,79,Pm,9.2,EC+B+
61,80,Pm,1254,EC+B+
61,81,Pm,40.5,EC+B+
61,82,Pm,22896000,EC+B+
61,83,Pm,31363200,EC+B+
61,84,Pm,558557589.7502784,EC
61,85,Pm,174509800.63949376,EC
61,86,Pm,82786439.60174465,B-
61,87,Pm,463795.2,B-
61,88,Pm,191088,B-
61,89,Pm,9712.8,B-
61,90,Pm,102240,B-
61,91,Pm,247.2,B-
61,92,Pm,315,B-
61,93,Pm,160.8,B-
61,94,Pm,41.5,B-
61,95,Pm,26.7,B-
61,96,Pm,10.56,B-
61,97,Pm,4.8,B-
61,98,Pm,1.5,B-
61,99,Pm,0.725,B-
61,100,Pm,1.05,B-
61,101,Pm,0.63,B-
61,102,Pm,0.43,B-
61,103,Pm,,B-
61,104,Pm,,B-
62,67,Sm,0.55,EC+B+
62,68,Sm,,EC+B+
62,69,Sm,1.2,EC+B+
62,70,Sm,4,EC+B+
62,71,Sm,2.89,EC+B+
62,72,Sm,9.5,EC+B+
62,73,Sm,10.3,EC+B+
62,74,Sm,47,EC+B+
62,75,Sm,45,EC+B+
62,76,Sm,186,EC+B+
62,77,Sm,154.2,EC+B+
62,78,Sm,889.2,EC+B+
62,79,Sm,612,EC+B+
62,80,Sm,4349.4,EC+B+
62,81,Sm,525,EC+B+
62,82,Sm,,S
62,83,Sm,29376000,EC
62,84,Sm,2.145870966272256e15,A
62,85,Sm,3.3860581570737213e18,A
62,86,Sm,2.20898481822144e23,A
62,87,Sm,,S
62,88,Sm,,S
62,89,Sm,2840123337.71328,B-
62,90,Sm,,S
62,91,Sm,166622.4,B-
62,92,Sm,,S
62,93,Sm,1330.8,B-
62,94,Sm,33840,B-
62,95,Sm,481.8,B-
62,96,Sm,318,B-
62,97,Sm,11.37,B-
62,98,Sm,9.6,B-
62,99,Sm,4.8,B-
62,100,Sm,2.4,B-
62,101,Sm,1.23,B-
62,102,Sm,1.43,B-
62,103,Sm,0.98,B-
62,104,Sm,0.8,B-
62,105,Sm,,B-
62,106,Sm,,B-
63,67,Eu,0.0009,P
63,68,Eu,0.0178,P
63,69,Eu,,P
63,71,Eu,0.5,EC+B+
63,72,Eu,1.5,EC+B+
63,73,Eu,3.3,EC+B+
63,74,Eu,11,EC+B+
63,75,Eu,12.1,EC+B+
63,76,Eu,17.9,EC+B+
63,77,Eu,1.51,EC+B+
63,78,Eu,40.7,EC+B+
63,79,Eu,2.34,EC+B+
63,80,Eu,155.4,EC+B+
63,81,Eu,10.2,EC+B+
63,82,Eu,512352,EC+B+
63,83,Eu,398304,EC+B+
63,84,Eu,2082240,EC
63,85,Eu,4708800,EC+B+
63,86,Eu,8043840,EC
63,87,Eu,1164450568.4624448,EC+B+
63,88,Eu,5.36467741568064e25,A
63,89,Eu,426554968.39856005,EC+B+
63,90,Eu,,S
63,91,Eu,271421120.3074658,B-
63,92,Eu,149990069.15723577,B-
63,93,Eu,1312416,B-
63,94,Eu,54648,B-
63,95,Eu,2754,B-
63,96,Eu,1086,B-
63,97,Eu,42.6,B-
63,98,Eu,26,B-
63,99,Eu,10.6,B-
63,100,Eu,7.7,B-
63,101,Eu,4.15,B-
63,102,Eu,2.3,B-
63,103,Eu,1.7,B-
63,104,Eu,1.3,B-
63,105,Eu,0.2,B-
63,106,Eu,,B-
64,70,Gd,,B+
64,71,Gd,1.1,EC+B+
64,72,Gd,0.0000002,B+
64,73,Gd,2.2,EC+B+
64,74,Gd,4.7,EC+B+
64,75,Gd,5.8,EC+B+
64,76,Gd,15.8,EC+B+
64,77,Gd,14,EC+B+
64,78,Gd,70.2,EC+B+
64,79,Gd,39,EC+B+
64,80,Gd,268.2,EC+B+
64,81,Gd,1380,EC+B+
64,82,Gd,4170528,EC+B+
64,83,Gd,137016,EC+B+
64,84,Gd,2243697436.7934914,A
64,85,Gd,801792,EC+B+
64,86,Gd,56486897494519.68,A
64,87,Gd,10704960,EC
64,88,Gd,3.408148005255936e21,A
64,89,Gd,20770560,EC
64,90,Gd,,S
64,91,Gd,,S
64,92,Gd,,S
64,93,Gd,,S
64,94,Gd,,S
64,95,Gd,66524.4,B-
64,96,Gd,,S
64,97,Gd,219.6,B-
64,98,Gd,504,B-
64,99,Gd,68,B-
64,100,Gd,45,B-
64,101,Gd,10.3,B-
64,102,Gd,4.8,B-
64,103,Gd,4.26,B-
64,104,Gd,3.03,B-
64,105,Gd,0.75,B-
64,106,Gd,0.41,B-
64,107,Gd,,B-
64,108,Gd,,B-
65,70,Tb,0.00094,P
65,73,Tb,0.0000002,EC+B+
65,74,Tb,1.6,EC+B+
65,75,Tb,2.29,EC+B+
65,76,Tb,3.5,EC+B+
65,77,Tb,0.597,EC+B+
65,78,Tb,12,EC+B+
65,79,Tb,1,EC+B+
65,80,Tb,,B+
65,81,Tb,8,EC+B+
65,82,Tb,5904,EC+B+
65,83,Tb,3600,EC+B+
65,84,Tb,14824.8,EC+B+
65,85,Tb,12528,EC+B+
65,86,Tb,63392.4,EC+B+
65,87,Tb,63000,EC+B+
65,88,Tb,202176,EC+B+
65,89,Tb,77400,EC+B+
65,90,Tb,459648,EC
65,91,Tb,462240,EC+B+
65,92,Tb,2240541744.196032,EC
65,93,Tb,5680246675.42656,EC+B+
65,94,Tb,,S
65,95,Tb,6246720,B-
65,96,Tb,595296,B-
65,97,Tb,456,B-
65,98,Tb,1170,B-
65,99,Tb,180,B-
65,100,Tb,126.6,B-
65,101,Tb,25.1,B-
65,102,Tb,19.4,B-
65,103,Tb,8.2,B-
65,104,Tb,5.1,B-
65,105,Tb,0.96,B-
65,106,Tb,1.24,B-
65,107,Tb,0.76,B-
65,108,Tb,,B-
65,109,Tb,,B-
66,73,Dy,0.6,EC+B+
66,74,Dy,,EC+B+
66,75,Dy,0.9,EC+B+
66,76,Dy,2.3,EC+B+
66,77,Dy,5.6,EC+B+
66,78,Dy,9.1,EC+B+
66,79,Dy,6,EC+B+
66,80,Dy,33.2,EC+B+
66,81,Dy,67,EC+B+
66,82,Dy,198,EC+B+
66,83,Dy,252,EC+B+
66,84,Dy,430.2,EC+B+
66,85,Dy,1074,EC+B+
66,86,Dy,8568,EC+B+
66,87,Dy,23040,EC+B+
66,88,Dy,94670777923776,A
66,89,Dy,35640,EC+B+
66,90,Dy,,S
66,91,Dy,29304,EC+B+
66,92,Dy,,S
66,93,Dy,12476160,EC
66,94,Dy,,S
66,95,Dy,,S
66,96,Dy,,S
66,97,Dy,,S
66,98,Dy,,S
66,99,Dy,8395.2,B-
66,100,Dy,293760,B-
66,101,Dy,372,B-
66,102,Dy,522,B-
66,103,Dy,39,B-
66,104,Dy,55,B-
66,105,Dy,4.1,B-
66,106,Dy,0.00000016,B-
66,107,Dy,1.43,B-
66,108,Dy,0.00000016,B-
66,109,Dy,,B-
66,110,Dy,,B-
67,73,Ho,0.006,P
67,74,Ho,0.0041,P
67,75,Ho,0.4,EC+B+
67,76,Ho,,EC+B+
67,77,Ho,0.7,EC+B+
67,78,Ho,2.4,EC+B+
67,79,Ho,3.32,EC+B+
67,80,Ho,5.8,EC+B+
67,81,Ho,2.2,EC+B+
67,82,Ho,21.1,EC+B+
67,83,Ho,72,EC+B+
67,84,Ho,35.2,EC+B+
67,85,Ho,161.8,EC+B+
67,86,Ho,120.6,EC+B+
67,87,Ho,705.6,EC+B+
67,88,Ho,2880,EC+B+
67,89,Ho,3360,EC+B+
67,90,Ho,756,EC+B+
67,91,Ho,678,EC+B+
67,92,Ho,1983,EC+B+
67,93,Ho,1536,EC+B+
67,94,Ho,8928,EC
67,95,Ho,900,EC+B+
67,96,Ho,144215151703.88544,EC
67,97,Ho,1728,EC+B+
67,98,Ho,,S
67,99,Ho,96566.4,B-
67,100,Ho,11160,B-
67,101,Ho,179.4,B-
67,102,Ho,283.2,B-
67,103,Ho,165.6,B-
67,104,Ho,53,B-
67,105,Ho,25,B-
67,106,Ho,6.9,B-
67,107,Ho,3.2,B-
67,108,Ho,1.9,B-
67,109,Ho,0.00000016,B-N
67,110,Ho,,B-
67,111,Ho,,B-
68,75,Er,,B+
68,76,Er,0.0000002,EC+B+
68,77,Er,,B+
68,78,Er,1.7,EC+B+
68,79,Er,3.2,EC+B+
68,80,Er,4.6,EC+B+
68,81,Er,4,EC+B+
68,82,Er,18.5,EC+B+
68,83,Er,23.5,EC+B+
68,84,Er,10.3,A
68,85,Er,37.1,A
68,86,Er,223.8,EC+B+
68,87,Er,318,EC+B+
68,88,Er,1170,EC+B+
68,89,Er,1119,EC+B+
68,90,Er,8244,EC
68,91,Er,2160,EC+B+
68,92,Er,102888,EC
68,93,Er,11556,EC+B+
68,94,Er,,S
68,95,Er,4500,EC+B+
68,96,Er,,S
68,97,Er,37296,EC
68,98,Er,,S
68,99,Er,,S
68,100,Er,,S
68,101,Er,811468.8,B-
68,102,Er,,S
68,103,Er,27057.6,B-
68,104,Er,177480,B-
68,105,Er,84,B-
68,106,Er,192,B-
68,107,Er,72,B-
68,108,Er,0.00000016,B-
68,109,Er,,B-
68,110,Er,0.00000016,B-
68,111,Er,,B-
68,112,Er,,B-
69,75,Tm,0.0000019,P
69,76,Tm,0.00000317,P
69,77,Tm,0.068,P
69,78,Tm,0.58,EC+B+
69,79,Tm,0.7,EC+B+
69,80,Tm,0.9,EC+B+
69,81,Tm,2.2,EC+B+
69,82,Tm,4.17,EC+B+
69,83,Tm,8,EC+B+
69,84,Tm,1.48,A
69,85,Tm,8.1,A
69,86,Tm,21.6,EC+B+
69,87,Tm,83.8,EC+B+
69,88,Tm,217.8,EC+B+
69,89,Tm,238.8,EC+B+
69,90,Tm,547.8,EC+B+
69,91,Tm,564,EC+B+
69,92,Tm,1812,EC+B+
69,93,Tm,1302,EC+B+
69,94,Tm,6516,EC+B+
69,95,Tm,117,EC+B+
69,96,Tm,108216,EC+B+
69,97,Tm,27720,EC+B+
69,98,Tm,799200,EC
69,99,Tm,8043840,EC+B+
69,100,Tm,,S
69,101,Tm,11111040,B-
69,102,Tm,60589297.87121664,B-
69,103,Tm,228960,B-
69,104,Tm,29664,B-
69,105,Tm,324,B-
69,106,Tm,912,B-
69,107,Tm,114,B-
69,108,Tm,95,B-
69,109,Tm,0.0000003,B-
69,110,Tm,0.00000016,B-
69,111,Tm,0.0000003,B-
69,112,Tm,0.00000016,B-N
70,79,Yb,0.7,EC+B+
70,80,Yb,0.0000002,B+
70,81,Yb,1.6,EC+B+
70,82,Yb,3.03,EC+B+
70,83,Yb,4.2,EC+B+
70,84,Yb,0.409,A
70,85,Yb,1.793,A
70,86,Yb,26.1,EC+B+
70,87,Yb,38.6,EC+B+
70,88,Yb,89.4,EC+B+
70,89,Yb,100.2,EC+B+
70,90,Yb,288,EC+B+
70,91,Yb,252,EC+B+
70,92,Yb,1132.2,EC+B+
70,93,Yb,663,EC+B+
70,94,Yb,4548,EC
70,95,Yb,594,EC+B+
70,96,Yb,204120,EC
70,97,Yb,1050,EC+B+
70,98,Yb,,S
70,99,Yb,2766355.2,EC
70,100,Yb,,S
70,101,Yb,,S
70,102,Yb,,S
70,103,Yb,,S
70,104,Yb,,S
70,105,Yb,361584,B-
70,106,Yb,,S
70,107,Yb,6879.6,B-
70,108,Yb,4440,B-
70,109,Yb,480,B-
70,110,Yb,144,B-
70,111,Yb,0.00000016,B-
70,112,Yb,0.00000016,B-
70,113,Yb,0.000000222,B-
70,114,Yb,0.00000016,B-
70,115,Yb,0.00000016,B-
71,79,Lu,0.045,P
71,80,Lu,0.0806,P
71,81,Lu,0.7,EC+B+
71,82,Lu,0.9,EC+B+
71,83,Lu,,B+
71,84,Lu,0.068,A
71,85,Lu,0.494,A
71,86,Lu,6.8,A
71,87,Lu,10.6,EC+B+
71,88,Lu,12.1,EC+B+
71,89,Lu,36.1,EC+B+
71,90,Lu,77,EC+B+
71,91,Lu,82.2,EC+B+
71,92,Lu,238.2,EC+B+
71,93,Lu,188.4,EC+B+
71,94,Lu,644.4,EC+B+
71,95,Lu,159,EC+B+
71,96,Lu,3090,EC+B+
71,97,Lu,330,EC+B+
71,98,Lu,122616,EC+B+
71,99,Lu,173836.8,EC+B+
71,100,Lu,712540.8,EC+B+
71,101,Lu,578880,EC+B+
71,102,Lu,43232988.58519104,EC
71,103,Lu,104453424.97589952,EC+B+
71,104,Lu,,S
71,105,Lu,1.1865404166446592e18,B-
71,106,Lu,574067.52,B-
71,107,Lu,1704,B-
71,108,Lu,16524,B-
71,109,Lu,342,B-
71,110,Lu,210,B-
71,111,Lu,120,B-
71,112,Lu,58,B-
71,113,Lu,19,B-
71,114,Lu,0.00000016,B-
71,115,Lu,0.00000016,B-
71,116,Lu,0.00000016,B-
71,117,Lu,,B-
72,79,Hf,,
72,81,Hf,,B+
72,82,Hf,2,EC+B+
72,83,Hf,0.843,EC+B+
72,84,Hf,0.023,A
72,85,Hf,0.115,A
72,86,Hf,2.85,EC+B+
72,87,Hf,5.6,EC+B+
72,88,Hf,13.6,EC+B+
72,89,Hf,18.4,EC+B+
72,90,Hf,39.4,EC+B+
72,91,Hf,40,EC+B+
72,92,Hf,111,EC+B+
72,93,Hf,76,EC+B+
72,94,Hf,406.2,EC+B+
72,95,Hf,123,EC+B+
72,96,Hf,1557,EC+B+
72,97,Hf,194.4,EC+B+
72,98,Hf,57636,EC
72,99,Hf,43560,EC+B+
72,100,Hf,59011451.57248704,EC
72,101,Hf,84960,EC+B+
72,102,Hf,6.3113851949184e22,A
72,103,Hf,6048000,EC
72,104,Hf,,S
72,105,Hf,,S
72,106,Hf,,S
72,107,Hf,,S
72,108,Hf,,S
72,109,Hf,3662496,B-
72,110,Hf,280856641173868.8,B-
72,111,Hf,3664.8,B-
72,112,Hf,14832,B-
72,113,Hf,210,B-
72,114,Hf,156,B-
72,115,Hf,,B-
72,116,Hf,,B-
72,117,Hf,,B-
72,118,Hf,,B-
73,82,Ta,0.0029,P
73,83,Ta,0.106,P
73,84,Ta,0.0101,A
73,85,Ta,0.055,A
73,86,Ta,0.83,EC+B+
73,87,Ta,1.55,A
73,88,Ta,,A
73,89,Ta,3.57,EC+B+
73,90,Ta,10.6,EC+B+
73,91,Ta,14.2,EC+B+
73,92,Ta,31,EC+B+
73,93,Ta,34.4,EC+B+
73,94,Ta,80,EC+B+
73,95,Ta,120,EC+B+
73,96,Ta,294,EC+B+
73,97,Ta,405.6,EC+B+
73,98,Ta,1398,EC+B+
73,99,Ta,2208,EC+B+
73,100,Ta,11304,EC+B+
73,101,Ta,4104,EC+B+
73,102,Ta,37800,EC+B+
73,103,Ta,29124,EC+B+
73,104,Ta,202896,EC+B+
73,105,Ta,8496,EC+B+
73,106,Ta,57433605.27375744,EC
73,107,Ta,29354.4,EC
73,108,Ta,,S
73,109,Ta,9913536,B-
73,110,Ta,440640,B-
73,111,Ta,31320,B-
73,112,Ta,2964,B-
73,113,Ta,630,B-
73,114,Ta,,B-
73,115,Ta,19.6,B-
73,116,Ta,,B-
73,117,Ta,5.3,B-
73,118,Ta,0.0000003,B-
73,119,Ta,2.2,B-
73,120,Ta,,B-
73,121,Ta,,B-
74,83,W,0.275,EC
74,84,W,0.00125,A
74,85,W,0.0073,A
74,86,W,0.091,A
74,87,W,0.409,A
74,88,W,1.19,EC+B+
74,89,W,2.67,EC+B+
74,90,W,6.3,EC+B+
74,91,W,5.1,EC+B+
74,92,W,19.2,EC+B+
74,93,W,19.9,EC+B+
74,94,W,50.9,EC+B+
74,95,W,74,EC+B+
74,96,W,145.2,EC+B+
74,97,W,142.8,EC+B+
74,98,W,396,EC+B+
74,99,W,456,EC+B+
74,100,W,1992,EC+B+
74,101,W,2112,EC+B+
74,102,W,9000,EC
74,103,W,7944,EC+B+
74,104,W,1866240,EC
74,105,W,2223,EC+B+
74,106,W,5.68024667542656e25,A
74,107,W,10471680,EC
74,108,W,,S
74,109,W,2.114314040297664e28,A
74,110,W,,S
74,111,W,6488640,B-
74,112,W,,S
74,113,W,86400,B-
74,114,W,6028992,B-
74,115,W,696,B-
74,116,W,1800,B-
74,118,W,,B-
74,119,W,,B-
74,120,W,,B-
74,121,W,0.00000016,B-
74,122,W,0.00000016,B-
74,123,W,0.00000016,B-
75,84,Re,,A
75,85,Re,0.000612,P
75,86,Re,0.00044,P
75,87,Re,0.107,A
75,88,Re,0.39,EC+B+
75,89,Re,0.7,A
75,90,Re,1.6,EC+B+
75,91,Re,2.25,EC+B+
75,92,Re,5.9,EC+B+
75,93,Re,4.4,EC+B+
75,94,Re,8.1,EC+B+
75,95,Re,9.2,EC+B+
75,96,Re,15.2,EC+B+
75,97,Re,15,EC+B+
75,98,Re,118.8,EC+B+
75,99,Re,144,EC+B+
75,100,Re,353.4,EC+B+
75,101,Re,318,EC+B+
75,102,Re,840,EC+B+
75,103,Re,792,EC+B+
75,104,Re,1170,EC+B+
75,105,Re,147.6,EC+B+
75,106,Re,71640,EC+B+
75,107,Re,231120,EC+B+
75,108,Re,6048000,EC
75,109,Re,3058560,EC+B+
75,110,Re,,S
75,111,Re,321261.12,B-
75,112,Re,1.3664148946998336e18,B-
75,113,Re,61218,B-
75,114,Re,87480,B-
75,115,Re,180,B-
75,116,Re,588,B-
75,117,Re,16,B-
75,118,Re,,B-
75,119,Re,5,B-
75,120,Re,6,B-
75,121,Re,3,B-
75,122,Re,0.00000016,B-
75,123,Re,0.00000016,B-N
75,124,Re,0.00000016,B-
76,85,Os,0.00064,A
76,86,Os,0.0021,A
76,87,Os,0.0055,A
76,88,Os,0.021,A
76,89,Os,0.071,A
76,90,Os,0.213,A
76,91,Os,0.81,A
76,92,Os,2.1,EC+B+
76,93,Os,3.43,EC+B+
76,94,Os,7.37,EC+B+
76,95,Os,8.3,EC+B+
76,96,Os,19.2,EC+B+
76,97,Os,22.4,EC+B+
76,98,Os,44,EC
76,99,Os,84,EC+B+
76,100,Os,216,EC+B+
76,101,Os,180,EC+B+
76,102,Os,300,EC+B+
76,103,Os,390,EC+B+
76,104,Os,1290,EC+B+
76,105,Os,6300,EC+B+
76,106,Os,78624,EC
76,107,Os,46800,EC+B+
76,108,Os,1.767187854577152e21,A
76,109,Os,8087040,EC
76,110,Os,6.3113851949184e22,A
76,111,Os,,S
76,112,Os,,S
76,113,Os,,S
76,114,Os,,S
76,115,Os,1330560,B-
76,116,Os,,S
76,117,Os,107388,B-
76,118,Os,189341555.847552,B-
76,119,Os,390,B-
76,120,Os,2094,B-
76,121,Os,168,B-
76,122,Os,,B-
76,123,Os,5,B-
76,124,Os,6,B-
76,125,Os,0.00000016,B-
76,126,Os,0.00000016,B-
76,127,Os,,B-
77,87,Ir,,EC+B+
77,88,Ir,0.000001,A
77,89,Ir,0.0105,A
77,90,Ir,0.0352,A
77,91,Ir,0.222,A
77,92,Ir,0.353,A
77,93,Ir,0.87,EC+B+
77,94,Ir,3.2,EC+B+
77,95,Ir,4.4,EC+B+
77,96,Ir,9,EC+B+
77,97,Ir,7.9,EC
77,98,Ir,9,EC+B+
77,99,Ir,8.7,EC+B+
77,100,Ir,29.8,EC+B+
77,101,Ir,12,EC+B+
77,102,Ir,79,EC+B+
77,103,Ir,90,EC+B+
77,104,Ir,294,EC+B+
77,105,Ir,900,EC+B+
77,106,Ir,3480,EC+B+
77,107,Ir,11124,EC+B+
77,108,Ir,51840,EC+B+
77,109,Ir,59904,EC+B+
77,110,Ir,37800,EC+B+
77,111,Ir,149400,EC+B+
77,112,Ir,1140480,EC
77,113,Ir,1017792,EC+B+
77,114,Ir,,S
77,115,Ir,6378825.6,B-
77,116,Ir,,S
77,117,Ir,69048,B-
77,118,Ir,8244,B-
77,119,Ir,52,B-
77,120,Ir,348,B-
77,121,Ir,8,B-
77,122,Ir,6,B-
77,123,Ir,0.0000003,B-
77,124,Ir,0.0000003,B-
77,125,Ir,11,B-
77,126,Ir,,B-
77,127,Ir,0.00000016,B-N
77,128,Ir,,B-
78,87,Pt,0.00026,A
78,88,Pt,0.0003,A
78,89,Pt,0.0007,A
78,90,Pt,0.00202,A
78,91,Pt,0.007,A
78,92,Pt,0.0138,A
78,93,Pt,0.0455,A
78,94,Pt,0.0976,A
78,95,Pt,0.382,A
78,96,Pt,0.889,A
78,97,Pt,2.53,A
78,98,Pt,6.33,EC+B+
78,99,Pt,10,EC+B+
78,100,Pt,20.7,EC+B+
78,101,Pt,21.2,EC+B+
78,102,Pt,56,EC+B+
78,103,Pt,52,EC+B+
78,104,Pt,160.2,EC+B+
78,105,Pt,390,EC+B+
78,106,Pt,1038,EC+B+
78,107,Pt,4254,EC+B+
78,108,Pt,7488,EC+B+
78,109,Pt,8460,EC+B+
78,110,Pt,877824,EC+B+
78,111,Pt,39132,EC+B+
78,112,Pt,1.5683792209372223e19,A
78,113,Pt,244512,EC
78,114,Pt,,S
78,115,Pt,1577846298.7296,EC
78,116,Pt,,S
78,117,Pt,,S
78,118,Pt,,S
78,119,Pt,71609.4,B-
78,120,Pt,,S
78,121,Pt,1848,B-
78,122,Pt,45360,B-
78,123,Pt,150,B-
78,124,Pt,158400,B-
78,125,Pt,22,B-
78,126,Pt,10.3,B-
78,127,Pt,,B-
78,128,Pt,0.00000016,B-N
78,129,Pt,0.00000016,B-N
78,130,Pt,0.00000016,B-
79,91,Au,0.00029,P
79,92,Au,0.000022,P
79,93,Au,0.022,A
79,94,Au,0.0263,A
79,95,Au,0.12,A
79,96,Au,,A
79,97,Au,,A
79,98,Au,1.501,EC+B+
79,99,Au,2.6,EC+B+
79,100,Au,7.1,EC+B+
79,101,Au,8.4,EC+B+
79,102,Au,13.7,EC+B+
79,103,Au,15.5,EC+B+
79,104,Au,42.8,EC+B+
79,105,Au,20.6,EC+B+
79,106,Au,255,EC+B+
79,107,Au,642,EC+B+
79,108,Au,498,EC+B+
79,109,Au,530.4,EC+B+
79,110,Au,1722,EC+B+
79,111,Au,2568,EC+B+
79,112,Au,11448,EC+B+
79,113,Au,17784,EC+B+
79,114,Au,63540,EC+B+
79,115,Au,136872,EC+B+
79,116,Au,16071264,EC
79,117,Au,532820.16,EC+B+
79,118,Au,,S
79,119,Au,232770.24,B-
79,120,Au,271209.6,B-
79,121,Au,2904,B-
79,122,Au,1560,B-
79,123,Au,28.4,B-
79,124,Au,60,B-
79,125,Au,39.8,B-
79,126,Au,32,B-
79,127,Au,40,B-
79,128,Au,0.0000003,B-
79,129,Au,0.0000003,B-
79,130,Au,0.0000003,B-
79,131,Au,0.0000003,B-N
80,90,Hg,0.00008,A
80,91,Hg,0.000059,A
80,92,Hg,0.000231,A
80,93,Hg,0.0008,A
80,94,Hg,0.0021,A
80,95,Hg,0.0106,A
80,96,Hg,0.0203,A
80,97,Hg,0.117,A
80,98,Hg,0.2665,A
80,99,Hg,1.05,A
80,100,Hg,2.59,EC+B+
80,101,Hg,3.6,EC+B+
80,102,Hg,10.83,EC+B+
80,103,Hg,9.4,EC+B+
80,104,Hg,30.87,EC+B+
80,105,Hg,49.1,EC+B+
80,106,Hg,82.8,EC+B+
80,107,Hg,114,EC+B+
80,108,Hg,195,EC+B+
80,109,Hg,456,EC+B+
80,110,Hg,1200,EC+B+
80,111,Hg,2940,EC+B+
80,112,Hg,17460,EC
80,113,Hg,13680,EC+B+
80,114,Hg,14105945910.642624,EC
80,115,Hg,37908,EC+B+
80,116,Hg,,S
80,117,Hg,230904,EC
80,118,Hg,,S
80,119,Hg,,S
80,120,Hg,,S
80,121,Hg,,S
80,122,Hg,,S
80,123,Hg,4027104,B-
80,124,Hg,,S
80,125,Hg,308.4,B-
80,126,Hg,499.2,B-
80,127,Hg,174,B-
80,128,Hg,2460,B-
80,129,Hg,36,B-
80,130,Hg,,B-
80,131,Hg,0.0000003,B-N
80,132,Hg,,B-
80,133,Hg,,B-
80,134,Hg,,B-
80,135,Hg,0.0000003,B-N
80,136,Hg,0.0000003,B-N
81,95,Tl,0.0052,P
81,96,Tl,0.018,A
81,97,Tl,0.254,A
81,98,Tl,0.23,A
81,99,Tl,1.09,EC+B+
81,100,Tl,3.2,A
81,101,Tl,3.1,EC+B+
81,102,Tl,6.9,EC+B+
81,103,Tl,10.1,EC+B+
81,104,Tl,19.5,EC+B+
81,105,Tl,27.5,EC+B+
81,106,Tl,51,EC+B+
81,107,Tl,71,EC+B+
81,108,Tl,138,EC+B+
81,109,Tl,156,EC+B+
81,110,Tl,,B+
81,111,Tl,576,EC+B+
81,112,Tl,1296,EC+B+
81,113,Tl,1980,EC+B+
81,114,Tl,4176,EC+B+
81,115,Tl,6624,EC+B+
81,116,Tl,10224,EC+B+
81,117,Tl,19080,EC+B+
81,118,Tl,26712,EC+B+
81,119,Tl,93960,EC+B+
81,120,Tl,262837.44,EC
81,121,Tl,1063584,EC+B+
81,122,Tl,,S
81,123,Tl,119379850.96188153,B-
81,124,Tl,,S
81,125,Tl,252.12,B-
81,126,Tl,286.2,B-
81,127,Tl,183.18,B-
81,128,Tl,129.72,B-
81,129,Tl,78,B-
81,130,Tl,88,B-
81,131,Tl,30.9,B-
81,132,Tl,23.8,B-
81,133,Tl,11,B-
81,134,Tl,0.0000003,B-N
81,135,Tl,0.0000003,B-N
81,136,Tl,,B-
82,96,Pb,0.00012,A
82,97,Pb,0.0035,A
82,98,Pb,0.0041,A
82,99,Pb,0.045,A
82,100,Pb,0.055,A
82,101,Pb,0.535,A
82,102,Pb,0.49,A
82,103,Pb,6.3,A
82,104,Pb,4.82,EC+B+
82,105,Pb,15.2,EC+B+
82,106,Pb,25.5,EC+B+
82,107,Pb,39,EC+B+
82,108,Pb,71,EC+B+
82,109,Pb,79.8,EC+B+
82,110,Pb,210,EC+B+
82,111,Pb,,EC+B+
82,112,Pb,642,EC+B+
82,113,Pb,900,EC+B+
82,114,Pb,2220,EC+B+
82,115,Pb,486,EC+B+
82,116,Pb,8640,EC+B+
82,117,Pb,5400,EC+B+
82,118,Pb,77400,EC
82,119,Pb,33588,EC+B+
82,120,Pb,1656738613666.08,EC
82,121,Pb,186912,EC
82,122,Pb,4.41796963644288e24,A
82,123,Pb,536467741568064,EC
82,124,Pb,,S
82,125,Pb,,S
82,126,Pb,,S
82,127,Pb,11642.4,B-
82,128,Pb,700563756.6359425,B-
82,129,Pb,2166,B-
82,130,Pb,38239.2,B-
82,131,Pb,612,B-
82,132,Pb,1623.6,B-
82,133,Pb,147,B-
82,134,Pb,0.0000003,B-
82,135,Pb,19.9,B-
82,136,Pb,15,B-
82,137,Pb,,B-
82,138,Pb,0.0000003,B-
83,101,Bi,0.013,A
83,102,Bi,0.000058,P
83,103,Bi,0.015,A
83,104,Bi,0.037,A
83,105,Bi,0.06,A
83,106,Bi,0.688,A
83,107,Bi,6.3,A
83,108,Bi,12.4,A
83,109,Bi,34.6,EC+B+
83,110,Bi,63.6,EC+B+
83,111,Bi,95,EC+B+
83,112,Bi,183,EC+B+
83,113,Bi,308,EC+B+
83,114,Bi,559.8,EC+B+
83,115,Bi,618,EC+B+
83,116,Bi,1620,EC+B+
83,117,Bi,2184,EC+B+
83,118,Bi,6180,EC+B+
83,119,Bi,6156,EC+B+
83,120,Bi,42336,EC+B+
83,121,Bi,40392,EC+B+
83,122,Bi,1288224,EC+B+
83,123,Bi,539395.2,EC+B+
83,124,Bi,995621014.4983776,EC+B+
83,125,Bi,11612948758649.855,EC+B+
83,126,Bi,6.342942120892992e26,A
83,127,Bi,433036.8,B-
83,128,Bi,128.4,A
83,129,Bi,3633,B-
83,130,Bi,2735.4,B-
83,131,Bi,1182.6,B-
83,132,Bi,456,B-
83,133,Bi,135,B-
83,134,Bi,98.5,B-
83,135,Bi,33,B-
83,136,Bi,22,B-
83,137,Bi,0.0000003,B-
83,138,Bi,0.0000003,B-N
83,139,Bi,0.0000003,B-N
83,140,Bi,0.0000003,B-N
83,141,Bi,0.0000003,B-N
84,102,Po,0.000028,A
84,103,Po,0.0014,A
84,104,Po,0.00027,A
84,105,Po,0.0035,A
84,106,Po,0.00245,A
84,107,Po,0.022,A
84,108,Po,0.0322,A
84,109,Po,0.399,A
84,110,Po,0.392,A
84,111,Po,4.64,A
84,112,Po,5.8,A
84,113,Po,84,EC+B+
84,114,Po,105.6,A
84,115,Po,328.2,EC+B+
84,116,Po,690.6,EC+B+
84,117,Po,936,EC+B+
84,118,Po,2676,EC+B+
84,119,Po,2202,EC+B+
84,120,Po,12668.4,EC+B+
84,121,Po,6264,EC+B+
84,122,Po,760320,EC+B+
84,123,Po,20880,EC+B+
84,124,Po,91451971.47436762,A
84,125,Po,3913058820.849408,A
84,126,Po,11955686.4,A
84,127,Po,0.516,A
84,128,Po,0.0000002943,A
84,129,Po,0.000003706,A
84,130,Po,0.00016346,A
84,131,Po,0.001781,A
84,132,Po,0.145,A
84,133,Po,1.53,A
84,134,Po,185.82,A
84,135,Po,620,B-
84,136,Po,0.0000003,B-
84,137,Po,112,B-
84,138,Po,550,B-
84,139,Po,0.0000003,B-
84,140,Po,0.0000003,B-
84,141,Po,0.0000003,B-
84,142,Po,0.0000003,B-
84,143,Po,0.0000003,B-
85,106,At,0.0017,A
85,107,At,0.088,A
85,108,At,0.028,A
85,109,At,0.286,A
85,110,At,0.29,A
85,111,At,0.388,A
85,112,At,0.388,A
85,113,At,4.2,A
85,114,At,7.03,A
85,115,At,43,A
85,116,At,85.2,A
85,117,At,184,EC+B+
85,118,At,444,EC+B+
85,119,At,547.2,EC+B+
85,120,At,1614,EC+B+
85,121,At,1836,EC+B+
85,122,At,6516,EC+B+
85,123,At,5868,EC+B+
85,124,At,19512,EC+B+
85,125,At,29160,EC+B+
85,126,At,25970.4,EC
85,127,At,0.314,A
85,128,At,0.000000125,A
85,129,At,0.000000558,A
85,130,At,0.0001,A
85,131,At,0.0003,A
85,132,At,0.0326,A
85,133,At,1.28,A
85,134,At,56,A
85,135,At,222.6,B-
85,136,At,138,B-
85,137,At,54,B-
85,138,At,50,B-
85,139,At,78,B-
85,140,At,0.0000003,B-
85,141,At,0.0000003,B-
85,142,At,0.0000003,B-N
85,143,At,0.0000003,B-
85,144,At,0.0000003,B-N
86,107,Rn,0.00115,A
86,108,Rn,0.00078,A
86,109,Rn,0.006,A
86,110,Rn,0.0044,A
86,111,Rn,0.065,A
86,112,Rn,0.065,EC+B+
86,113,Rn,0.59,A
86,114,Rn,1.03,A
86,115,Rn,7,A
86,116,Rn,9.7,A
86,117,Rn,44.2,A
86,118,Rn,74.5,A
86,119,Rn,170,EC+B+
86,120,Rn,340.2,A
86,121,Rn,555,EC+B+
86,122,Rn,1461,A
86,123,Rn,1728,EC+B+
86,124,Rn,8640,A
86,125,Rn,52560,EC
86,126,Rn,1434,A
86,127,Rn,0.0194,A
86,128,Rn,0.000000259,A
86,129,Rn,0.0000023,A
86,130,Rn,0.000045,A
86,131,Rn,0.00054,A
86,132,Rn,0.03375,A
86,133,Rn,3.96,A
86,134,Rn,55.6,A
86,135,Rn,1500,B-
86,136,Rn,330350.4,A
86,137,Rn,1458,B-
86,138,Rn,6420,B-
86,139,Rn,279.6,B-
86,140,Rn,444,B-
86,141,Rn,20.2,B-
86,142,Rn,65,B-
86,143,Rn,12,B-
87,110,Fr,0.0006,A
87,111,Fr,0.015,A
87,112,Fr,0.012,A
87,113,Fr,0.049,A
87,114,Fr,0.062,A
87,115,Fr,0.3,A
87,116,Fr,0.55,A
87,117,Fr,1.8,A
87,118,Fr,3.9,A
87,119,Fr,16,A
87,120,Fr,14.8,A
87,121,Fr,59.1,A
87,122,Fr,50.5,A
87,123,Fr,190.8,A
87,124,Fr,186,A
87,125,Fr,1200,EC+B+
87,126,Fr,34.17,A
87,127,Fr,0.0055,A
87,128,Fr,0.000000086,A
87,129,Fr,0.0000007,A
87,130,Fr,0.000022,A
87,131,Fr,0.0011,A
87,132,Fr,0.024,A
87,133,Fr,27.4,A
87,134,Fr,294,A
87,135,Fr,852,B-
87,136,Fr,1320,B-
87,137,Fr,199.8,B-
87,138,Fr,237,B-
87,139,Fr,49,B-
87,140,Fr,148.2,B-
87,141,Fr,38,B-
87,142,Fr,50.2,B-
87,143,Fr,19.1,B-
87,144,Fr,17.6,B-
87,145,Fr,5.5,B-
87,146,Fr,0.9,B-
88,113,Ra,0.0016,A
88,114,Ra,0.016,A
88,115,Ra,0.031,A
88,116,Ra,0.057,A
88,117,Ra,0.21,A
88,118,Ra,0.24,A
88,119,Ra,1.35,A
88,120,Ra,1.3,A
88,121,Ra,4.8,A
88,122,Ra,3.7,A
88,123,Ra,13,A
88,124,Ra,13,A
88,125,Ra,163.8,A
88,126,Ra,2.438,A
88,127,Ra,0.00166,A
88,128,Ra,0.000000182,A
88,129,Ra,0.0000016,A
88,130,Ra,0.00002591,A
88,131,Ra,0.009,A
88,132,Ra,0.018,A
88,133,Ra,28,A
88,134,Ra,38,A
88,135,Ra,987552,A
88,136,Ra,313796.16,A
88,137,Ra,1287360,B-
88,138,Ra,50491081559.3472,A
88,139,Ra,2532,B-
88,140,Ra,181452324.353904,B-
88,141,Ra,240,B-
88,142,Ra,5580,B-
88,143,Ra,104,B-
88,144,Ra,252,B-
88,145,Ra,30,B-
88,146,Ra,30,B-
89,116,Ac,0.02,A
89,117,Ac,0.022,A
89,118,Ac,0.027,A
89,119,Ac,0.095,A
89,120,Ac,0.087,A
89,121,Ac,0.35,A
89,122,Ac,0.21,A
89,123,Ac,0.88,A
89,124,Ac,0.738,A
89,125,Ac,8.2,A
89,126,Ac,0.17,A
89,127,Ac,0.00044,A
89,128,Ac,0.000000069,A
89,129,Ac,0.00000103,A
89,130,Ac,0.0000118,A
89,131,Ac,0.0264,A
89,132,Ac,0.052,A
89,133,Ac,5,A
89,134,Ac,126,A
89,135,Ac,10008,EC
89,136,Ac,857088,A
89,137,Ac,105732,B-
89,138,Ac,687057392.318817,B-
89,139,Ac,22140,B-
89,140,Ac,3762,B-
89,141,Ac,122,B-
89,142,Ac,450,B-
89,143,Ac,119,B-
89,144,Ac,143,B-
89,145,Ac,44,B-
89,146,Ac,62,B-
89,147,Ac,72,B-
90,118,Th,0.0017,A
90,119,Th,0.0025,A
90,120,Th,0.016,A
90,121,Th,0.037,EC+B+
90,122,Th,0.0317,A
90,123,Th,0.146,A
90,124,Th,0.087,A
90,125,Th,1.2,A
90,126,Th,0.026,A
90,127,Th,0.000252,A
90,128,Th,0.000000122,A
90,129,Th,0.000001025,A
90,130,Th,0.0000097,A
90,131,Th,0.00174,A
90,132,Th,0.00224,A
90,133,Th,0.6,A
90,134,Th,1.04,A
90,135,Th,525,A
90,136,Th,1834.2,A
90,137,Th,1615420.8,A
90,138,Th,60324219.69303007,A
90,139,Th,248668576679.78497,A
90,140,Th,2379392218484.237,A
90,141,Th,91872,B-
90,142,Th,4.41796963644288e17,A
90,143,Th,1309.8,B-
90,144,Th,2082240,B-
90,145,Th,432,B-
90,146,Th,2238,B-
90,147,Th,288,B-
90,148,Th,564,B-
91,120,Pa,0.0000003,P
91,121,Pa,0.0051,A
91,122,Pa,0.0053,A
91,123,Pa,0.017,A
91,124,Pa,0.014,A
91,125,Pa,0.15,A
91,126,Pa,0.0038,A
91,127,Pa,0.000109,A
91,128,Pa,0.000000054,A
91,129,Pa,0.00000078,A
91,130,Pa,0.0000059,A
91,131,Pa,0.0029,A
91,132,Pa,0.0051,A
91,133,Pa,0.846,A
91,134,Pa,1.7,A
91,135,Pa,108,A
91,136,Pa,2298,A
91,137,Pa,79200,EC+B+
91,138,Pa,129600,EC
91,139,Pa,1503360,EC+B+
91,140,Pa,1033804894927.6339,A
91,141,Pa,114048,B-
91,142,Pa,2330640,B-
91,143,Pa,24120,B-
91,144,Pa,1464,B-
91,145,Pa,546,B-
91,146,Pa,522,B-
91,147,Pa,136.8,B-
91,148,Pa,6480,B-
92,122,U,0.00052,A
92,123,U,0.0007,A
92,124,U,0.0045,A
92,125,U,0.016,A
92,126,U,0.00065,A
92,127,U,0.00006,A
92,129,U,0.00000066,A
92,130,U,0.0000047,A
92,131,U,0.000018,A
92,132,U,0.00084,A
92,133,U,0.069,A
92,134,U,0.268,A
92,135,U,66,A
92,136,U,546,A
92,137,U,3480,EC
92,138,U,1747872,A
92,139,U,362880,EC
92,140,U,2174272199.649389,A
92,141,U,5023547045895.301,A
92,142,U,7747225326762.336,A
92,143,U,2.221607588611277e16,A
92,144,U,739063206324944.6,A
92,145,U,583372.8,B-
92,146,U,1.4099634525447706e17,A
92,147,U,1407,B-
92,148,U,50760,B-
92,149,U,,B-
92,150,U,1008,B-
92,151,U,,B-
92,152,U,,B-
92,153,U,,B-
92,154,U,,B-
92,155,U,,B-
92,156,U,,B-
92,157,U,,B-
92,158,U,,B-
92,159,U,,B-
92,160,U,,B-
92,161,U,,B-
92,162,U,,B-
92,163,U,,B-N
93,126,Np,0.00015,A
93,127,Np,0.000025,A
93,130,Np,0.0000022,A
93,131,Np,0.000038,A
93,132,Np,0.0036,A
93,133,Np,0.035,A
93,134,Np,0.51,A
93,135,Np,61.4,EC
93,136,Np,240,A
93,137,Np,276,EC+B+
93,138,Np,2928,EC
93,139,Np,882,EC+B+
93,140,Np,2172,EC
93,141,Np,380160,EC+B+
93,142,Np,34223040,EC
93,143,Np,4828209674112.576,EC
93,144,Np,67658049289525.25,A
93,145,Np,181353.6,B-
93,146,Np,203558.4,B-
93,147,Np,3714,B-
93,148,Np,834,B-
93,149,Np,132,B-
93,150,Np,111,B-
93,151,Np,137.4,B-
93,159,Np,,B-
94,134,Pu,1.1,A
94,135,Pu,90,A
94,136,Pu,102,A
94,137,Pu,516,EC+B+
94,138,Pu,2028,EC
94,139,Pu,1254,EC+B+
94,140,Pu,31680,EC
94,141,Pu,1518,EC+B+
94,142,Pu,90189694.43538393,A
94,143,Pu,3943296,EC
94,144,Pu,2767542407.9717183,A
94,145,Pu,760837485247.4131,A
94,146,Pu,207044991319.29813,A
94,147,Pu,452179192.2899288,B-
94,148,Pu,11833847240472,A
94,149,Pu,17841.6,B-
94,150,Pu,2565578081734329.5,A
94,151,Pu,37800,B-
94,152,Pu,936576,B-
94,153,Pu,196128,B-
94,158,Pu,,B-
95,128,Am,0.005,A
95,134,Am,0.9,A
95,135,Am,31,EC
95,137,Am,79,EC
95,138,Am,192,EC+B+
95,139,Am,139.2,EC
95,140,Am,618,EC
95,141,Am,216,EC
95,142,Am,4416,EC+B+
95,143,Am,5880,EC+B+
95,144,Am,42840,EC
95,145,Am,182880,EC
95,146,Am,13651526176.6085,A
95,147,Am,57672,B-
95,148,Am,232385202876.89548,A
95,149,Am,36360,B-
95,150,Am,7380,B-
95,151,Am,2340,B-
95,152,Am,1380,B-
95,153,Am,,B-
95,157,Am,,B-
96,137,Cm,23,EC+B+
96,138,Cm,51,SF
96,139,Cm,,B+
96,140,Cm,,EC
96,141,Cm,,A
96,142,Cm,7920,EC
96,143,Cm,9720,EC
96,144,Cm,2332800,A
96,145,Cm,2833920,EC
96,146,Cm,14065920,A
96,147,Cm,918306545.8606272,A
96,148,Cm,571495929.3998611,A
96,149,Cm,265803987483.9884,A
96,150,Cm,148506893636.42996,A
96,151,Cm,492288045203635.2,A
96,152,Cm,10981810239158.016,A
96,153,Cm,3849,B-
96,154,Cm,261922485589.1136,SF
96,155,Cm,1008,B-
96,156,Cm,172800,B-
97,136,Bk,21,EC+B+
97,137,Bk,140,A
97,139,Bk,22,EC+B+
97,141,Bk,144,EC+B+
97,142,Bk,,EC
97,143,Bk,288,EC+B+
97,144,Bk,276,EC+B+
97,145,Bk,420,EC+B+
97,146,Bk,16560,EC+B+
97,147,Bk,18072,EC
97,148,Bk,427680,EC
97,149,Bk,155520,EC+B+
97,150,Bk,43548557844.93696,A
97,151,Bk,284012333.771328,A
97,152,Bk,28512000,B-
97,153,Bk,11563.2,B-
97,154,Bk,3336,B-
97,155,Bk,,B-
97,156,Bk,600,B-
98,139,Cf,2.1,A
98,140,Cf,0.0211,SF
98,141,Cf,39,EC
98,142,Cf,57.6,A
98,143,Cf,226.8,EC+B+
98,144,Cf,222,A
98,145,Cf,642,EC+B+
98,146,Cf,1164,A
98,147,Cf,2700,EC
98,148,Cf,128520,A
98,149,Cf,11196,EC
98,150,Cf,28814400,A
98,151,Cf,11076481017.081793,A
98,152,Cf,412764591.7476634,A
98,153,Cf,28338119525.183617,A
98,154,Cf,83531183.05474502,A
98,155,Cf,1538784,B-
98,156,Cf,5227200,SF
98,157,Cf,5100,B-
98,158,Cf,738,SF
99,141,Es,6,A
99,142,Es,8,EC+B+
99,143,Es,13.5,EC+B+
99,144,Es,21,A
99,145,Es,37,EC
99,146,Es,66,EC
99,147,Es,450,EC+B+
99,148,Es,,B+
99,149,Es,1440,EC
99,150,Es,6132,EC+B+
99,151,Es,30960,EC
99,152,Es,118800,EC
99,153,Es,40754880,A
99,154,Es,1768608,A
99,155,Es,23820480,A
99,156,Es,3438720,B-
99,157,Es,1524,B-
99,158,Es,665280,SF
100,141,Fm,0.00073,SF
100,142,Fm,0.0008,SF
100,143,Fm,0.231,A
100,144,Fm,0.00312,SF
100,145,Fm,4.2,A
100,146,Fm,1.54,A
100,147,Fm,31,A
100,148,Fm,34.5,A
100,149,Fm,156,EC+B+
100,150,Fm,1800,A
100,151,Fm,19080,EC+B+
100,152,Fm,91404,A
100,153,Fm,259200,EC
100,154,Fm,11664,A
100,155,Fm,72252,A
100,156,Fm,9426,SF
100,157,Fm,8683200,A
100,158,Fm,0.00037,SF
100,159,Fm,1.5,SF
101,143,Md,0.38,A
101,144,Md,0.0009,SF
101,145,Md,0.9,A
101,146,Md,1.2,A
101,147,Md,7,EC
101,148,Md,21.7,A
101,149,Md,52,EC
101,150,Md,240,EC+B+
101,151,Md,138,EC
101,152,Md,360,EC+B+
101,153,Md,600,EC+B+
101,154,Md,1620,EC
101,155,Md,4662,EC
101,156,Md,19872,EC
101,157,Md,4449600,A
101,158,Md,5760,SF
101,159,Md,2747520,SF
102,146,No,0.000002,S
102,147,No,0.0381,A
102,148,No,0.0000042,SF
102,149,No,0.8,A
102,150,No,2.46,A
102,151,No,97.2,A
102,152,No,51.2,A
102,153,No,211.2,EC+B+
102,154,No,2.91,A
102,155,No,24.5,A
102,156,No,0.0012,SF
102,157,No,3480,A
102,158,No,0.106,SF
102,160,No,0.005,SF
103,149,Lr,0.33,EC+B+
103,150,Lr,0.57,A
103,151,Lr,18.1,A
103,152,Lr,31.1,A
103,153,Lr,27.9,A
103,154,Lr,4,A
103,155,Lr,3.92,A
103,156,Lr,6.2,A
103,157,Lr,180,A
103,158,Lr,2340,SF
103,159,Lr,14400,SF
103,163,Lr,39600,SF
104,149,Rf,0.011,SF
104,150,Rf,0.0000232,SF
104,151,Rf,1.68,SF
104,152,Rf,0.00667,SF
104,153,Rf,4.4,A
104,154,Rf,0.012,SF
104,155,Rf,2.4,A
104,156,Rf,0.021,SF
104,157,Rf,68,A
104,158,Rf,2.3,SF
104,159,Rf,600,A
104,161,Rf,60,SF
104,163,Rf,,SF
105,150,Db,1.6,A
105,151,Db,1.6,A
105,152,Db,2.3,A
105,153,Db,4.3,A
105,154,Db,0.51,A
105,155,Db,1.52,A
105,156,Db,1.8,A
105,157,Db,35,A
105,158,Db,27,SF
105,161,Db,1440,SF
105,162,Db,,SF
105,163,Db,100800,SF
105,165,Db,54000,SF
106,152,Sg,0.0025,SF
106,153,Sg,0.29,A
106,154,Sg,0.0036,A
106,155,Sg,0.23,A
106,156,Sg,0.0069,SF
106,157,Sg,1,A
106,158,Sg,0.037,SF
106,159,Sg,14.4,SF
106,160,Sg,0.34,SF
106,163,Sg,186,A
106,165,Sg,144,SF
107,153,Bh,0.035,A
107,154,Bh,0.012,A
107,155,Bh,0.102,A
107,156,Bh,,A
107,157,Bh,0.44,A
107,158,Bh,,A
107,159,Bh,2.1,A
107,160,Bh,17,A
107,163,Bh,60,A
107,164,Bh,,A
107,165,Bh,10.5,A
107,167,Bh,44,A
107,171,Bh,1140,SF
108,155,Hs,,A
108,156,Hs,0.0008,A
108,157,Hs,0.002,A
108,158,Hs,0.00297,A
108,159,Hs,0.052,A
108,160,Hs,0.4,A
108,161,Hs,9.7,A
108,162,Hs,7.6,SF
108,165,Hs,0.76,A
108,167,Hs,0.15,A
108,169,Hs,0.003,SF
108,170,Hs,1140,SF
109,157,Mt,0.0021,A
109,159,Mt,0.021,A
109,161,Mt,0.48,A
109,165,Mt,0.44,A
109,166,Mt,,A
109,167,Mt,0.69,A
109,168,Mt,5,SF
109,169,Mt,4.5,A
109,173,Mt,66,A
110,157,Ds,,A
110,159,Ds,,A
110,160,Ds,0.0002,A
110,161,Ds,0.00163,A
110,163,Ds,0.00017,A
110,167,Ds,0.0041,A
110,169,Ds,0.18,SF
110,170,Ds,0.007,SF
110,171,Ds,9.6,SF
110,172,Ds,66,A
111,161,Rg,0.0038,A
111,163,Rg,0.012,A
111,167,Rg,0.0042,A
111,168,Rg,0.17,A
111,169,Rg,4.4,A
111,170,Rg,26,SF
111,171,Rg,100,A
111,175,Rg,660,A
112,165,Cn,0.00069,A
112,169,Cn,0.13,A
112,170,Cn,0.00096,SF
112,171,Cn,4,A
112,172,Cn,0.108,SF
112,173,Cn,34,A
112,174,Cn,660,A
113,165,Nh,0.0014,A
113,169,Nh,0.07,A
113,170,Nh,,A
113,171,Nh,0.97,A
113,172,Nh,5.5,A
113,173,Nh,9.5,A
113,177,Nh,2,A
114,170,Fl,0.0025,SF
114,172,Fl,0.166,A
114,173,Fl,0.51,A
114,174,Fl,0.64,A
114,175,Fl,2.7,A
114,176,Fl,19,EC+B+
115,172,Mc,,A
115,173,Mc,0.17,A
115,174,Mc,0.22,A
115,175,Mc,0.65,A
116,174,Lv,0.0083,A
116,175,Lv,,A
116,176,Lv,0.0128,A
116,177,Lv,0.053,A
116,178,Lv,,A
117,176,Ts,0.014,A
117,177,Ts,0.051,A
118,176,Og,0.00058,A }
